--
-- PostgreSQL database dump
--

-- Dumped from database version 17.5 (Ubuntu 17.5-1.pgdg24.04+1)
-- Dumped by pg_dump version 17.5 (Ubuntu 17.5-1.pgdg24.04+1)

SET statement_timeout = 0;
SET lock_timeout = 0;
SET idle_in_transaction_session_timeout = 0;
SET transaction_timeout = 0;
SET client_encoding = 'UTF8';
SET standard_conforming_strings = on;
SELECT pg_catalog.set_config('search_path', '', false);
SET check_function_bodies = false;
SET xmloption = content;
SET client_min_messages = warning;
SET row_security = off;

SET default_tablespace = '';

SET default_table_access_method = heap;

--
-- Name: auth_group; Type: TABLE; Schema: public; Owner: postgres
--

CREATE TABLE public.auth_group (
    id integer NOT NULL,
    name character varying(150) NOT NULL
);


ALTER TABLE public.auth_group OWNER TO postgres;

--
-- Name: auth_group_id_seq; Type: SEQUENCE; Schema: public; Owner: postgres
--

ALTER TABLE public.auth_group ALTER COLUMN id ADD GENERATED BY DEFAULT AS IDENTITY (
    SEQUENCE NAME public.auth_group_id_seq
    START WITH 1
    INCREMENT BY 1
    NO MINVALUE
    NO MAXVALUE
    CACHE 1
);


--
-- Name: auth_group_permissions; Type: TABLE; Schema: public; Owner: postgres
--

CREATE TABLE public.auth_group_permissions (
    id bigint NOT NULL,
    group_id integer NOT NULL,
    permission_id integer NOT NULL
);


ALTER TABLE public.auth_group_permissions OWNER TO postgres;

--
-- Name: auth_group_permissions_id_seq; Type: SEQUENCE; Schema: public; Owner: postgres
--

ALTER TABLE public.auth_group_permissions ALTER COLUMN id ADD GENERATED BY DEFAULT AS IDENTITY (
    SEQUENCE NAME public.auth_group_permissions_id_seq
    START WITH 1
    INCREMENT BY 1
    NO MINVALUE
    NO MAXVALUE
    CACHE 1
);


--
-- Name: auth_permission; Type: TABLE; Schema: public; Owner: postgres
--

CREATE TABLE public.auth_permission (
    id integer NOT NULL,
    name character varying(255) NOT NULL,
    content_type_id integer NOT NULL,
    codename character varying(100) NOT NULL
);


ALTER TABLE public.auth_permission OWNER TO postgres;

--
-- Name: auth_permission_id_seq; Type: SEQUENCE; Schema: public; Owner: postgres
--

ALTER TABLE public.auth_permission ALTER COLUMN id ADD GENERATED BY DEFAULT AS IDENTITY (
    SEQUENCE NAME public.auth_permission_id_seq
    START WITH 1
    INCREMENT BY 1
    NO MINVALUE
    NO MAXVALUE
    CACHE 1
);


--
-- Name: cinema_about; Type: TABLE; Schema: public; Owner: postgres
--

CREATE TABLE public.cinema_about (
    id bigint NOT NULL,
    name_about character varying(100) NOT NULL,
    date_create timestamp with time zone NOT NULL,
    description text NOT NULL,
    main_image character varying(100) NOT NULL,
    video_url character varying(200) NOT NULL,
    cinema_id bigint NOT NULL,
    gall_id bigint NOT NULL,
    seo_id bigint NOT NULL,
    date_publication date NOT NULL,
    publication boolean NOT NULL,
    description_ru text,
    description_uk text,
    name_about_ru character varying(100),
    name_about_uk character varying(100),
    name character varying(100)
);


ALTER TABLE public.cinema_about OWNER TO postgres;

--
-- Name: cinema_about_id_seq; Type: SEQUENCE; Schema: public; Owner: postgres
--

ALTER TABLE public.cinema_about ALTER COLUMN id ADD GENERATED BY DEFAULT AS IDENTITY (
    SEQUENCE NAME public.cinema_about_id_seq
    START WITH 1
    INCREMENT BY 1
    NO MINVALUE
    NO MAXVALUE
    CACHE 1
);


--
-- Name: cinema_banner; Type: TABLE; Schema: public; Owner: postgres
--

CREATE TABLE public.cinema_banner (
    id bigint NOT NULL,
    name_page character varying(100) NOT NULL,
    image_main character varying(100) NOT NULL,
    url_banner character varying(200),
    text_banner character varying(255),
    speed integer NOT NULL
);


ALTER TABLE public.cinema_banner OWNER TO postgres;

--
-- Name: cinema_baner_id_seq; Type: SEQUENCE; Schema: public; Owner: postgres
--

ALTER TABLE public.cinema_banner ALTER COLUMN id ADD GENERATED BY DEFAULT AS IDENTITY (
    SEQUENCE NAME public.cinema_baner_id_seq
    START WITH 1
    INCREMENT BY 1
    NO MINVALUE
    NO MAXVALUE
    CACHE 1
);


--
-- Name: cinema_bannerfon; Type: TABLE; Schema: public; Owner: postgres
--

CREATE TABLE public.cinema_bannerfon (
    id bigint NOT NULL,
    image_back character varying(100),
    fon boolean NOT NULL
);


ALTER TABLE public.cinema_bannerfon OWNER TO postgres;

--
-- Name: cinema_banerfon_id_seq; Type: SEQUENCE; Schema: public; Owner: postgres
--

ALTER TABLE public.cinema_bannerfon ALTER COLUMN id ADD GENERATED BY DEFAULT AS IDENTITY (
    SEQUENCE NAME public.cinema_banerfon_id_seq
    START WITH 1
    INCREMENT BY 1
    NO MINVALUE
    NO MAXVALUE
    CACHE 1
);


--
-- Name: cinema_cinema; Type: TABLE; Schema: public; Owner: postgres
--

CREATE TABLE public.cinema_cinema (
    id bigint NOT NULL,
    name_cinema character varying(100) NOT NULL,
    phone_num1 character varying(15) NOT NULL,
    phone_num2 character varying(15) NOT NULL,
    seo_text text NOT NULL,
    adress text NOT NULL,
    coord character varying(450) NOT NULL,
    logo character varying(100) NOT NULL,
    conditions text NOT NULL,
    conditions_ru text,
    conditions_uk text,
    name_cinema_ru character varying(100),
    name_cinema_uk character varying(100),
    seo_text_ru text,
    seo_text_uk text,
    banner character varying(100) NOT NULL,
    gall_id bigint,
    seo_id bigint
);


ALTER TABLE public.cinema_cinema OWNER TO postgres;

--
-- Name: cinema_cinema_id_seq; Type: SEQUENCE; Schema: public; Owner: postgres
--

ALTER TABLE public.cinema_cinema ALTER COLUMN id ADD GENERATED BY DEFAULT AS IDENTITY (
    SEQUENCE NAME public.cinema_cinema_id_seq
    START WITH 1
    INCREMENT BY 1
    NO MINVALUE
    NO MAXVALUE
    CACHE 1
);


--
-- Name: cinema_film; Type: TABLE; Schema: public; Owner: postgres
--

CREATE TABLE public.cinema_film (
    id bigint NOT NULL,
    name character varying(150) NOT NULL,
    description text NOT NULL,
    main_image character varying(100) NOT NULL,
    treiler_url character varying(200) NOT NULL,
    start_date date NOT NULL,
    type_film character varying(200) NOT NULL,
    gall_id bigint NOT NULL,
    seo_id bigint NOT NULL,
    language character varying(2) NOT NULL,
    description_ru text,
    description_uk text,
    name_ru character varying(150),
    name_uk character varying(150)
);


ALTER TABLE public.cinema_film OWNER TO postgres;

--
-- Name: cinema_film_id_seq; Type: SEQUENCE; Schema: public; Owner: postgres
--

ALTER TABLE public.cinema_film ALTER COLUMN id ADD GENERATED BY DEFAULT AS IDENTITY (
    SEQUENCE NAME public.cinema_film_id_seq
    START WITH 1
    INCREMENT BY 1
    NO MINVALUE
    NO MAXVALUE
    CACHE 1
);


--
-- Name: cinema_gallery; Type: TABLE; Schema: public; Owner: postgres
--

CREATE TABLE public.cinema_gallery (
    id bigint NOT NULL,
    name character varying(20) NOT NULL
);


ALTER TABLE public.cinema_gallery OWNER TO postgres;

--
-- Name: cinema_gallery_id_seq; Type: SEQUENCE; Schema: public; Owner: postgres
--

ALTER TABLE public.cinema_gallery ALTER COLUMN id ADD GENERATED BY DEFAULT AS IDENTITY (
    SEQUENCE NAME public.cinema_gallery_id_seq
    START WITH 1
    INCREMENT BY 1
    NO MINVALUE
    NO MAXVALUE
    CACHE 1
);


--
-- Name: cinema_hall; Type: TABLE; Schema: public; Owner: postgres
--

CREATE TABLE public.cinema_hall (
    id bigint NOT NULL,
    name_hall character varying(100) NOT NULL,
    description text NOT NULL,
    sheme character varying(100) NOT NULL,
    banner character varying(100) NOT NULL,
    "row" integer NOT NULL,
    col integer NOT NULL,
    gall_id bigint NOT NULL,
    seo_id bigint NOT NULL,
    description_ru text,
    description_uk text,
    name_hall_ru character varying(100),
    name_hall_uk character varying(100),
    cinema_id bigint NOT NULL,
    date_create timestamp with time zone NOT NULL,
    CONSTRAINT cinema_hall_col_check CHECK ((col >= 0)),
    CONSTRAINT cinema_hall_row_check CHECK (("row" >= 0))
);


ALTER TABLE public.cinema_hall OWNER TO postgres;

--
-- Name: cinema_hall_id_seq; Type: SEQUENCE; Schema: public; Owner: postgres
--

ALTER TABLE public.cinema_hall ALTER COLUMN id ADD GENERATED BY DEFAULT AS IDENTITY (
    SEQUENCE NAME public.cinema_hall_id_seq
    START WITH 1
    INCREMENT BY 1
    NO MINVALUE
    NO MAXVALUE
    CACHE 1
);


--
-- Name: cinema_image; Type: TABLE; Schema: public; Owner: postgres
--

CREATE TABLE public.cinema_image (
    id bigint NOT NULL,
    image character varying(100) NOT NULL,
    gall_id bigint NOT NULL
);


ALTER TABLE public.cinema_image OWNER TO postgres;

--
-- Name: cinema_image_id_seq; Type: SEQUENCE; Schema: public; Owner: postgres
--

ALTER TABLE public.cinema_image ALTER COLUMN id ADD GENERATED BY DEFAULT AS IDENTITY (
    SEQUENCE NAME public.cinema_image_id_seq
    START WITH 1
    INCREMENT BY 1
    NO MINVALUE
    NO MAXVALUE
    CACHE 1
);


--
-- Name: cinema_newsletter; Type: TABLE; Schema: public; Owner: postgres
--

CREATE TABLE public.cinema_newsletter (
    id bigint NOT NULL,
    name_template character varying NOT NULL,
    path_template character varying(100) NOT NULL
);


ALTER TABLE public.cinema_newsletter OWNER TO postgres;

--
-- Name: cinema_newsletter_id_seq; Type: SEQUENCE; Schema: public; Owner: postgres
--

ALTER TABLE public.cinema_newsletter ALTER COLUMN id ADD GENERATED BY DEFAULT AS IDENTITY (
    SEQUENCE NAME public.cinema_newsletter_id_seq
    START WITH 1
    INCREMENT BY 1
    NO MINVALUE
    NO MAXVALUE
    CACHE 1
);


--
-- Name: cinema_price; Type: TABLE; Schema: public; Owner: postgres
--

CREATE TABLE public.cinema_price (
    id bigint NOT NULL,
    price1 double precision NOT NULL,
    price2 double precision NOT NULL,
    vip_price double precision NOT NULL
);


ALTER TABLE public.cinema_price OWNER TO postgres;

--
-- Name: cinema_price_id_seq; Type: SEQUENCE; Schema: public; Owner: postgres
--

ALTER TABLE public.cinema_price ALTER COLUMN id ADD GENERATED BY DEFAULT AS IDENTITY (
    SEQUENCE NAME public.cinema_price_id_seq
    START WITH 1
    INCREMENT BY 1
    NO MINVALUE
    NO MAXVALUE
    CACHE 1
);


--
-- Name: cinema_seo; Type: TABLE; Schema: public; Owner: postgres
--

CREATE TABLE public.cinema_seo (
    id bigint NOT NULL,
    seo_url character varying(200) NOT NULL,
    seo_title character varying(100) NOT NULL,
    seo_keywords character varying(100) NOT NULL,
    seo_description text NOT NULL
);


ALTER TABLE public.cinema_seo OWNER TO postgres;

--
-- Name: cinema_seo_id_seq; Type: SEQUENCE; Schema: public; Owner: postgres
--

ALTER TABLE public.cinema_seo ALTER COLUMN id ADD GENERATED BY DEFAULT AS IDENTITY (
    SEQUENCE NAME public.cinema_seo_id_seq
    START WITH 1
    INCREMENT BY 1
    NO MINVALUE
    NO MAXVALUE
    CACHE 1
);


--
-- Name: cinema_session; Type: TABLE; Schema: public; Owner: postgres
--

CREATE TABLE public.cinema_session (
    id bigint NOT NULL,
    date_session date,
    time_session time without time zone,
    film_id bigint NOT NULL,
    hall_id bigint,
    price_id bigint,
    type_film character varying(200) NOT NULL
);


ALTER TABLE public.cinema_session OWNER TO postgres;

--
-- Name: cinema_session_id_seq; Type: SEQUENCE; Schema: public; Owner: postgres
--

ALTER TABLE public.cinema_session ALTER COLUMN id ADD GENERATED BY DEFAULT AS IDENTITY (
    SEQUENCE NAME public.cinema_session_id_seq
    START WITH 1
    INCREMENT BY 1
    NO MINVALUE
    NO MAXVALUE
    CACHE 1
);


--
-- Name: cinema_ticket; Type: TABLE; Schema: public; Owner: postgres
--

CREATE TABLE public.cinema_ticket (
    id bigint NOT NULL,
    "row" integer NOT NULL,
    place integer NOT NULL,
    session_id bigint NOT NULL,
    user_id bigint,
    status character varying(10) NOT NULL,
    CONSTRAINT cinema_ticket_place_check CHECK ((place >= 0)),
    CONSTRAINT cinema_ticket_row_check CHECK (("row" >= 0))
);


ALTER TABLE public.cinema_ticket OWNER TO postgres;

--
-- Name: cinema_ticket_id_seq; Type: SEQUENCE; Schema: public; Owner: postgres
--

ALTER TABLE public.cinema_ticket ALTER COLUMN id ADD GENERATED BY DEFAULT AS IDENTITY (
    SEQUENCE NAME public.cinema_ticket_id_seq
    START WITH 1
    INCREMENT BY 1
    NO MINVALUE
    NO MAXVALUE
    CACHE 1
);


--
-- Name: cinema_user; Type: TABLE; Schema: public; Owner: postgres
--

CREATE TABLE public.cinema_user (
    id bigint NOT NULL,
    password character varying(128) NOT NULL,
    last_login timestamp with time zone,
    is_superuser boolean NOT NULL,
    username character varying(150) NOT NULL,
    first_name character varying(150) NOT NULL,
    last_name character varying(150) NOT NULL,
    email character varying(254) NOT NULL,
    is_staff boolean NOT NULL,
    is_active boolean NOT NULL,
    date_joined timestamp with time zone NOT NULL,
    registration_date date NOT NULL,
    town character varying(100) NOT NULL,
    adress character varying(200) NOT NULL,
    phone_user character varying(15) NOT NULL,
    card_user character varying(20) NOT NULL,
    birthday date NOT NULL,
    sex character varying(10) NOT NULL,
    language character varying(15) NOT NULL
);


ALTER TABLE public.cinema_user OWNER TO postgres;

--
-- Name: cinema_user_groups; Type: TABLE; Schema: public; Owner: postgres
--

CREATE TABLE public.cinema_user_groups (
    id bigint NOT NULL,
    user_id bigint NOT NULL,
    group_id integer NOT NULL
);


ALTER TABLE public.cinema_user_groups OWNER TO postgres;

--
-- Name: cinema_user_groups_id_seq; Type: SEQUENCE; Schema: public; Owner: postgres
--

ALTER TABLE public.cinema_user_groups ALTER COLUMN id ADD GENERATED BY DEFAULT AS IDENTITY (
    SEQUENCE NAME public.cinema_user_groups_id_seq
    START WITH 1
    INCREMENT BY 1
    NO MINVALUE
    NO MAXVALUE
    CACHE 1
);


--
-- Name: cinema_user_id_seq; Type: SEQUENCE; Schema: public; Owner: postgres
--

ALTER TABLE public.cinema_user ALTER COLUMN id ADD GENERATED BY DEFAULT AS IDENTITY (
    SEQUENCE NAME public.cinema_user_id_seq
    START WITH 1
    INCREMENT BY 1
    NO MINVALUE
    NO MAXVALUE
    CACHE 1
);


--
-- Name: cinema_user_user_permissions; Type: TABLE; Schema: public; Owner: postgres
--

CREATE TABLE public.cinema_user_user_permissions (
    id bigint NOT NULL,
    user_id bigint NOT NULL,
    permission_id integer NOT NULL
);


ALTER TABLE public.cinema_user_user_permissions OWNER TO postgres;

--
-- Name: cinema_user_user_permissions_id_seq; Type: SEQUENCE; Schema: public; Owner: postgres
--

ALTER TABLE public.cinema_user_user_permissions ALTER COLUMN id ADD GENERATED BY DEFAULT AS IDENTITY (
    SEQUENCE NAME public.cinema_user_user_permissions_id_seq
    START WITH 1
    INCREMENT BY 1
    NO MINVALUE
    NO MAXVALUE
    CACHE 1
);


--
-- Name: django_admin_log; Type: TABLE; Schema: public; Owner: postgres
--

CREATE TABLE public.django_admin_log (
    id integer NOT NULL,
    action_time timestamp with time zone NOT NULL,
    object_id text,
    object_repr character varying(200) NOT NULL,
    action_flag smallint NOT NULL,
    change_message text NOT NULL,
    content_type_id integer,
    user_id bigint NOT NULL,
    CONSTRAINT django_admin_log_action_flag_check CHECK ((action_flag >= 0))
);


ALTER TABLE public.django_admin_log OWNER TO postgres;

--
-- Name: django_admin_log_id_seq; Type: SEQUENCE; Schema: public; Owner: postgres
--

ALTER TABLE public.django_admin_log ALTER COLUMN id ADD GENERATED BY DEFAULT AS IDENTITY (
    SEQUENCE NAME public.django_admin_log_id_seq
    START WITH 1
    INCREMENT BY 1
    NO MINVALUE
    NO MAXVALUE
    CACHE 1
);


--
-- Name: django_content_type; Type: TABLE; Schema: public; Owner: postgres
--

CREATE TABLE public.django_content_type (
    id integer NOT NULL,
    app_label character varying(100) NOT NULL,
    model character varying(100) NOT NULL
);


ALTER TABLE public.django_content_type OWNER TO postgres;

--
-- Name: django_content_type_id_seq; Type: SEQUENCE; Schema: public; Owner: postgres
--

ALTER TABLE public.django_content_type ALTER COLUMN id ADD GENERATED BY DEFAULT AS IDENTITY (
    SEQUENCE NAME public.django_content_type_id_seq
    START WITH 1
    INCREMENT BY 1
    NO MINVALUE
    NO MAXVALUE
    CACHE 1
);


--
-- Name: django_migrations; Type: TABLE; Schema: public; Owner: postgres
--

CREATE TABLE public.django_migrations (
    id bigint NOT NULL,
    app character varying(255) NOT NULL,
    name character varying(255) NOT NULL,
    applied timestamp with time zone NOT NULL
);


ALTER TABLE public.django_migrations OWNER TO postgres;

--
-- Name: django_migrations_id_seq; Type: SEQUENCE; Schema: public; Owner: postgres
--

ALTER TABLE public.django_migrations ALTER COLUMN id ADD GENERATED BY DEFAULT AS IDENTITY (
    SEQUENCE NAME public.django_migrations_id_seq
    START WITH 1
    INCREMENT BY 1
    NO MINVALUE
    NO MAXVALUE
    CACHE 1
);


--
-- Name: django_session; Type: TABLE; Schema: public; Owner: postgres
--

CREATE TABLE public.django_session (
    session_key character varying(40) NOT NULL,
    session_data text NOT NULL,
    expire_date timestamp with time zone NOT NULL
);


ALTER TABLE public.django_session OWNER TO postgres;

--
-- Data for Name: auth_group; Type: TABLE DATA; Schema: public; Owner: postgres
--

COPY public.auth_group (id, name) FROM stdin;
\.


--
-- Data for Name: auth_group_permissions; Type: TABLE DATA; Schema: public; Owner: postgres
--

COPY public.auth_group_permissions (id, group_id, permission_id) FROM stdin;
\.


--
-- Data for Name: auth_permission; Type: TABLE DATA; Schema: public; Owner: postgres
--

COPY public.auth_permission (id, name, content_type_id, codename) FROM stdin;
1	Can add log entry	1	add_logentry
2	Can change log entry	1	change_logentry
3	Can delete log entry	1	delete_logentry
4	Can view log entry	1	view_logentry
5	Can add permission	2	add_permission
6	Can change permission	2	change_permission
7	Can delete permission	2	delete_permission
8	Can view permission	2	view_permission
9	Can add group	3	add_group
10	Can change group	3	change_group
11	Can delete group	3	delete_group
12	Can view group	3	view_group
13	Can add content type	4	add_contenttype
14	Can change content type	4	change_contenttype
15	Can delete content type	4	delete_contenttype
16	Can view content type	4	view_contenttype
17	Can add session	5	add_session
18	Can change session	5	change_session
19	Can delete session	5	delete_session
20	Can view session	5	view_session
21	Can add baner	6	add_baner
22	Can change baner	6	change_baner
23	Can delete baner	6	delete_baner
24	Can view baner	6	view_baner
25	Can add banerfon	7	add_banerfon
26	Can change banerfon	7	change_banerfon
27	Can delete banerfon	7	delete_banerfon
28	Can view banerfon	7	view_banerfon
29	Can add gallery	8	add_gallery
30	Can change gallery	8	change_gallery
31	Can delete gallery	8	delete_gallery
32	Can view gallery	8	view_gallery
33	Can add price	9	add_price
34	Can change price	9	change_price
35	Can delete price	9	delete_price
36	Can view price	9	view_price
37	Can add seo	10	add_seo
38	Can change seo	10	change_seo
39	Can delete seo	10	delete_seo
40	Can view seo	10	view_seo
41	Can add user	11	add_user
42	Can change user	11	change_user
43	Can delete user	11	delete_user
44	Can view user	11	view_user
45	Can add hall	12	add_hall
46	Can change hall	12	change_hall
47	Can delete hall	12	delete_hall
48	Can view hall	12	view_hall
49	Can add cinema	13	add_cinema
50	Can change cinema	13	change_cinema
51	Can delete cinema	13	delete_cinema
52	Can view cinema	13	view_cinema
53	Can add image	14	add_image
54	Can change image	14	change_image
55	Can delete image	14	delete_image
56	Can view image	14	view_image
57	Can add film	15	add_film
58	Can change film	15	change_film
59	Can delete film	15	delete_film
60	Can view film	15	view_film
61	Can add about	16	add_about
62	Can change about	16	change_about
63	Can delete about	16	delete_about
64	Can view about	16	view_about
65	Can add session	17	add_session
66	Can change session	17	change_session
67	Can delete session	17	delete_session
68	Can view session	17	view_session
69	Can add ticket	18	add_ticket
70	Can change ticket	18	change_ticket
71	Can delete ticket	18	delete_ticket
72	Can view ticket	18	view_ticket
73	Can add banner	6	add_banner
74	Can change banner	6	change_banner
75	Can delete banner	6	delete_banner
76	Can view banner	6	view_banner
77	Can add banner fon	7	add_bannerfon
78	Can change banner fon	7	change_bannerfon
79	Can delete banner fon	7	delete_bannerfon
80	Can view banner fon	7	view_bannerfon
81	Can add newsletter	19	add_newsletter
82	Can change newsletter	19	change_newsletter
83	Can delete newsletter	19	delete_newsletter
84	Can view newsletter	19	view_newsletter
\.


--
-- Data for Name: cinema_about; Type: TABLE DATA; Schema: public; Owner: postgres
--

COPY public.cinema_about (id, name_about, date_create, description, main_image, video_url, cinema_id, gall_id, seo_id, date_publication, publication, description_ru, description_uk, name_about_ru, name_about_uk, name) FROM stdin;
6	666	2025-06-04 17:23:57.077707+03	66666	photos/2_des6tV8.webp	https://www.w3schools.com/howto/howto_css_switch.asp	3	27	23	2025-06-26	t	66666	55555	666	5555	\N
11	новость 2	2025-06-06 21:39:51.535779+03	ыммвва	photos/3_TmcQPbw.jpeg	https://www.kapwing.com/folder/683c0ea162895f5424921edc	3	32	28	2025-06-25	f	ыммвва	вмама	новость 2	новина2	news
9	Три билета в подарок	2025-06-04 18:06:26.365924+03	берешь один билет и три в подарок на Игру в кальмара	photos/1_uAxB8Kf.jpg	https://www.w3schools.com/howto/howto_css_switch.asp	3	30	26	2025-06-30	t	берешь один билет и три в подарок на Игру в кальмара	береш один квиток і три в подарунок на гру в кальмара	Три билета в подарок	Три квитки у подарунок	action
12	Новость3	2025-06-06 21:40:34.441806+03	три	photos/4_7ekWDOE.jpeg	https://www.kapwing.com/folder/683c0ea162895f5424921edc	3	33	29	2025-06-13	t	три	выввввввввввввв	Новость3	Новина 3	news
4	2222	2025-06-04 17:02:27.888385+03	2222	photos/Tri5_ZCXtvUK.jpeg	https://www.w3schools.com/howto/howto_css_switch.asp	3	25	21	2025-06-27	t	2222	11111	2222	111111	\N
26	ц	2025-07-05 16:10:10.698719+03	йц	photos/1_rwLtWWq.jpg	http://127.0.0.1:8000	6	58	54	2025-07-31	f	йц		ц	\N	action
10	Ошибка в переводе «Игры в кальмара» испортила предысторию Игрока 388	2025-06-06 21:39:08.462926+03	Фаны «Игры в кальмара» нашли ошибку в переводе третьего сезона, которая испортила предысторию одного из игроков.	photos/1_CRCLOf6.jpg	https://www.kapwing.com/folder/683c0ea162895f5424921edc	3	31	27	2025-06-21	t	Фаны «Игры в кальмара» нашли ошибку в переводе третьего сезона, которая испортила предысторию одного из игроков.	Фани «Ігри в кальмара» знайшли помилку у перекладі третього сезону, яка зіпсувала передісторію одного з гравців.	Ошибка в переводе «Игры в кальмара» испортила предысторию Игрока 388	Помилка у перекладі «Ігри в кальмара» зіпсувала передісторію Гравця 388	news
3	Ведро попкорна	2025-06-04 16:41:45.824255+03	Ведро попкорна входит в стоимость билета	photos/1_RP18xqp.webp	https://django.fun/docs/django/5.2/topics/class-based-views/generic-editing/#basic-forms	3	24	20	2025-06-25	f	Ведро попкорна входит в стоимость билета	vxc	Ведро попкорна	xcv	action
2	Нечетный ряд	2025-06-04 16:39:50.016865+03	В нечетном ряду цена сниженна	photos/2_LGyKSls.jpeg	https://www.w3schools.com/howto/howto_css_switch.asp	3	23	19	2025-06-27	t	В нечетном ряду цена сниженна	xz	Нечетный ряд	ukr	action
24	ячс	2025-07-05 15:55:17.13878+03	чя	photos/2_yi9YH1W.webp	https://my.adcombo.com/login	3	56	52	2025-07-30	f	чя		ячс	\N	news
25	Детская комната	2025-07-05 16:04:50.387609+03	ячЯСчя	photos/3_0AcUzkI.jpeg	https://my.adcombo.com/login	6	57	53	2025-07-31	f	ячЯСчя		Детская комната	Детская комната	pages
14	О кинотеатре1	2025-06-09 15:23:41.003193+03	Страницы	photos/2_4PonWzx.jpeg	https://www.kapwing.com/folder/683c0ea162895f5424921edc	3	35	31	2025-06-18	f	Страницы	страницы1	О кинотеатре1	О кинотеатре	pages
16	Кафе Бар	2025-06-11 17:50:11.999116+03	Ресторан "Фигаро" вобрал в себя лучшие традиции европейской, испанской и средиземноморской кухни.   Уютная, доброжелательная атмосфера и достойный сервис  - это основные преимущества ресторана. Все вышеперечисленное и плюс доступный уровень цен позволили заведению оказаться в списке лучших ресторанов  Киева.	photos/kaffe1.jpeg	https://pypi.org/project/django-debug-toolbar/	6	47	43	2025-06-26	f	Ресторан "Фигаро" вобрал в себя лучшие традиции европейской, испанской и средиземноморской кухни.   Уютная, доброжелательная атмосфера и достойный сервис  - это основные преимущества ресторана. Все вышеперечисленное и плюс доступный уровень цен позволили заведению оказаться в списке лучших ресторанов  Киева.	Ресторан "Фігаро" увібрав у себе найкращі традиції європейської, іспанської та середземноморської кухні.   Затишна, доброзичлива атмосфера та гідний сервіс – це основні переваги ресторану. Все вищеперелічене та плюс доступний рівень цін дозволили закладу опинитися у списку найкращих ресторанів Києва.	Кафе Бар	Кафе Бар	pages
28	Мобильные приложения	2025-07-20 23:56:00.147313+03	Мобильные приложения - это программное обеспечение, которое устанавливается на мобильные устройства, такие как смартфоны и планшеты, и предназначено для выполнения различных задач. Они могут быть нативными, веб-приложениями или гибридными, и их основная цель - удовлетворить потребности пользователей, будь то развлечения, работа, общение или другие виды деятельности	photos/bz4_Qsl2R3j.jpeg	https://translate.google.com/?hl=ru&sl=auto&tl=ru&op=translate	3	63	59	2025-07-26	t	Мобильные приложения - это программное обеспечение, которое устанавливается на мобильные устройства, такие как смартфоны и планшеты, и предназначено для выполнения различных задач. Они могут быть нативными, веб-приложениями или гибридными, и их основная цель - удовлетворить потребности пользователей, будь то развлечения, работа, общение или другие виды деятельности	Мобільні програми - це програмне забезпечення, яке встановлюється на мобільні пристрої, такі як смартфони та планшети, і призначене для виконання різноманітних завдань. Вони можуть бути нативними, веб-додатками або гібридними, і їх основна мета - задовольнити потреби користувачів, розваги, робота, спілкування або інші види діяльності.	Мобильные приложения	Мобильни приложенiя	pages
27	Реклама	2025-07-20 23:46:51.813946+03	Как называется реклама в кинотеатрах?\r\nПродвижение или промоушен фильма (англ. Film promotion, киномаркетинг) — практика стимулирования сбыта в киноиндустрии, связанная главным образом с кинопрокатом. Продвижение начинается почти одновременно с написанием сценария, занимается этим продюсер.	photos/caffe3_zJtysOf.jpeg	https://nic.ua/ru/login	3	62	58	2025-07-20	f	Как называется реклама в кинотеатрах?\r\nПродвижение или промоушен фильма (англ. Film promotion, киномаркетинг) — практика стимулирования сбыта в киноиндустрии, связанная главным образом с кинопрокатом. Продвижение начинается почти одновременно с написанием сценария, занимается этим продюсер.	Як називається реклама у кінотеатрах?\r\nПросування або промоції фільму (англ. Film promotion, кіномаркетинг) - практика стимулювання збуту в кіноіндустрії, пов'язана головним чином з кінопрокатом. Просування починається майже одночасно з написанням сценарію, займається цим продюсером.	Реклама	Реклама	pages
\.


--
-- Data for Name: cinema_banner; Type: TABLE DATA; Schema: public; Owner: postgres
--

COPY public.cinema_banner (id, name_page, image_main, url_banner, text_banner, speed) FROM stdin;
97	Главная	banners/png-transparent-heart-pink-heart-pics-love-blue-magenta-thumbnail_At3Mkqp.png	https://img.freepik.com/premium-psd/banner-template-black-friday-3d-realistic-render-marketing-campaign-black-week_363450-1622.jpg?ga=GA1.1.1939801566.1746522917&semt=ais_hybrid&w=740	первый	13
107	Главная	banners/1.webp	\N	\N	13
106	Акция	banners/3.jpeg	\N	\N	11
103	Акция	banners/png-transparent-heart-pink-heart-pics-love-blue-magenta-thumbnail_woF3e8W.png	https://img.freepik.com/free-psd/cyber-monday-realistic-banner-template_23-2148323783.jpg?ga=GA1.1.1939801566.1746522917&semt=ais_hybrid&w=740	222222	11
96	Акция	banners/banner_news.jpg	https://img.freepik.com/free-psd/cyber-monday-realistic-banner-template_23-2148323783.jpg?ga=GA1.1.1939801566.1746522917&semt=ais_hybrid&w=740	11111	11
\.


--
-- Data for Name: cinema_bannerfon; Type: TABLE DATA; Schema: public; Owner: postgres
--

COPY public.cinema_bannerfon (id, image_back, fon) FROM stdin;
2	photos/1_JE7Hqo2.webp	t
\.


--
-- Data for Name: cinema_cinema; Type: TABLE DATA; Schema: public; Owner: postgres
--

COPY public.cinema_cinema (id, name_cinema, phone_num1, phone_num2, seo_text, adress, coord, logo, conditions, conditions_ru, conditions_uk, name_cinema_ru, name_cinema_uk, seo_text_ru, seo_text_uk, banner, gall_id, seo_id) FROM stdin;
6	Родина			Кинотеатр "Родина" в Одессе - это двухзальный кинотеатр, расположенный на улице Мечникова, 104. Один из залов, "Синий", рассчитан на 516 мест, а другой, "Красный", - на 184 места. Оба зала оснащены кондиционерами и современным оборудованием для показа фильмов. В кинотеатре можно увидеть новинки кинопроката, в том числе в формате 3D.	улица Мира	https://www.google.com/maps/embed?pb=!1m18!1m12!1m3!1d2747.9336670523253!2d30.725302475352976!3d46.469821871108195!2m3!1f0!2f0!3f0!3m2!1i1024!2i768!4f13.1!3m3!1m2!1s0x40c6318642ed0687%3A0x4fe6ff91f739ab56!2z0KDQvtC00LjQvdCw!5e0!3m2!1sru!2sua!4v1752769085654!5m2!1sru!2sua	photos/rodina.jpeg	Кинотеатр "Родина" в Одессе - это двухзальный кинотеатр, расположенный на улице Мечникова, 104. Один из залов, "Синий", рассчитан на 516 мест, а другой, "Красный", - на 184 места. Оба зала оснащены кондиционерами и современным оборудованием для показа фильмов. В кинотеатре можно увидеть новинки кинопроката, в том числе в формате 3D.	Кинотеатр "Родина" в Одессе - это двухзальный кинотеатр, расположенный на улице Мечникова, 104. Один из залов, "Синий", рассчитан на 516 мест, а другой, "Красный", - на 184 места. Оба зала оснащены кондиционерами и современным оборудованием для показа фильмов. В кинотеатре можно увидеть новинки кинопроката, в том числе в формате 3D.	Кінотеатр "Родина" в Одесі - це історичний кінотеатр, який розташований у самому серці міста. Він відомий своєю архітектурою та атмосферою, яка поєднує в собі дух минулого та сучасні кінопокази. "Родина" пропонує широкий вибір фільмів, включаючи новинки та класику, у великому та малому залах, а також проводить різноманітні культурні заходи.\r\nКінотеатр "Родина" знаходиться на вулиці [вулиця, де знаходиться кінотеатр], і є одним з найстаріших кінотеатрів Одеси. Він має два зали: великий та малий, кожен з яких пропонує унікальний досвід перегляду. "Родина" є не лише місцем для перегляду фільмів, але й культурним осередком, де відбуваються різноманітні події, такі як прем'єри, фестивалі, творчі зустрічі та концерти. \r\nІнтер'єр кінотеатру виконаний у стилі, що поєднує в собі класичну елегантність та сучасний комфорт. Зали обладнані сучасним кінообладнанням, що забезпечує високу якість зображення та звуку. \r\nКінотеатр "Родина" також відомий своїми заходами для дітей, включаючи дитячі кіносеанси та майстер-класи. \r\nЗагалом, кінотеатр "Родина" - це місце, де можна насолодитися атмосферою старого кіно та переглянути цікаві фільми, а також відчути дух міста Одеси.	Родина	Родина укр	Кинотеатр "Родина" в Одессе - это двухзальный кинотеатр, расположенный на улице Мечникова, 104. Один из залов, "Синий", рассчитан на 516 мест, а другой, "Красный", - на 184 места. Оба зала оснащены кондиционерами и современным оборудованием для показа фильмов. В кинотеатре можно увидеть новинки кинопроката, в том числе в формате 3D.	Кінотеатр "Родина" в Одесі - це історичний кінотеатр, який розташований у самому серці міста. Він відомий своєю архітектурою та атмосферою, яка поєднує в собі дух минулого та сучасні кінопокази. "Родина" пропонує широкий вибір фільмів, включаючи новинки та класику, у великому та малому залах, а також проводить різноманітні культурні заходи.\r\nКінотеатр "Родина" знаходиться на вулиці [вулиця, де знаходиться кінотеатр], і є одним з найстаріших кінотеатрів Одеси. Він має два зали: великий та малий, кожен з яких пропонує унікальний досвід перегляду. "Родина" є не лише місцем для перегляду фільмів, але й культурним осередком, де відбуваються різноманітні події, такі як прем'єри, фестивалі, творчі зустрічі та концерти. \r\nІнтер'єр кінотеатру виконаний у стилі, що поєднує в собі класичну елегантність та сучасний комфорт. Зали обладнані сучасним кінообладнанням, що забезпечує високу якість зображення та звуку. \r\nКінотеатр "Родина" також відомий своїми заходами для дітей, включаючи дитячі кіносеанси та майстер-класи. \r\nЗагалом, кінотеатр "Родина" - це місце, де можна насолодитися атмосферою старого кіно та переглянути цікаві фільми, а також відчути дух міста Одеси.	photos/term3_tERQQtZ.jpeg	41	37
3	Золотой Дюк	пвапв	вапвапва	Кинокомплекс «Золотой Дюк», последний из проектировавшихся во время Советского Союза одесских кинотеатров, был открыт 15 декабря 1993 г. Из пяти залов кинотеатра, первоначально работал один, а в сентябре 1994 г. был открыт второй зал. Впоследствии, в связи с развалом кинопроката, «Золотой Дюк» фактически перестал работать как кинотеатр. В 1996 г. в первом зале разместился клуб «Чикаго», а третий зал так и не начал работать, был сдан в аренду спортивному клубу. Второй же зал был просто закрыт.	проспект Князя Великого	https://www.google.com/maps/embed?pb=!1m18!1m12!1m3!1d11006.118306741058!2d30.70679213420092!3d46.3985546158452!2m3!1f0!2f0!3f0!3m2!1i1024!2i768!4f13.1!3m3!1m2!1s0x40c63358afcfffff%3A0x37d7648230181587!2sAuthorization!5e0!3m2!1sru!2sua!4v1752766260608!5m2!1sru!2sua	photos/gold_duke.jpeg	На территории кинокомплекса расположена общая бесплатная парковочная стоянка. Внутри комплекса находится Кафе-пиццерия, где можно вкусно перекусить перед или после сеанса.\r\nVIP-зал в кинотеатре\r\n\r\n\r\n\r\nДля VIP-гостей отведена бесплатная парковочная стоянка перед входом в зал.	На территории кинокомплекса расположена общая бесплатная парковочная стоянка. Внутри комплекса находится Кафе-пиццерия, где можно вкусно перекусить перед или после сеанса.\r\nVIP-зал в кинотеатре\r\n\r\n\r\n\r\nДля VIP-гостей отведена бесплатная парковочная стоянка перед входом в зал.	На території кінокомплексу розташована загальна безкоштовна паркувальна стоянка. Усередині комплексу знаходиться Кафе-піцерія, де можна смачно перекусити перед сеансом або після нього.\r\nVIP-зал у кінотеатрі\r\n\r\n\r\n\r\nДля VIP-гостей відведено безкоштовну парковочну стоянку перед входом до зали.	Золотой Дюк	Золотий Дюк	Кинокомплекс «Золотой Дюк», последний из проектировавшихся во время Советского Союза одесских кинотеатров, был открыт 15 декабря 1993 г. Из пяти залов кинотеатра, первоначально работал один, а в сентябре 1994 г. был открыт второй зал. Впоследствии, в связи с развалом кинопроката, «Золотой Дюк» фактически перестал работать как кинотеатр. В 1996 г. в первом зале разместился клуб «Чикаго», а третий зал так и не начал работать, был сдан в аренду спортивному клубу. Второй же зал был просто закрыт.	Кінотеатр "Золотий Дюк" в Одесі - це сучасний кінокомплекс, розташований в історичному центрі міста. Він відомий своїми комфортабельними залами, високоякісним обладнанням та широким вибором фільмів для будь-якого віку та смаку. "Золотий Дюк" пропонує перегляд як світових прем'єр, так і українських кінострічок. Зазвичай у кінотеатрі є кілька залів, обладнаних сучасними технологіями для 2D та 3D-проєкцій, а також зручні крісла та система кондиціонування. Крім того, тут часто проводяться кінофестивалі, прем'єри та інші заходи. У фойє кінотеатру є кафе, де можна придбати напої та попкорн. Також, часто є можливість придбати квитки онлайн, що значно спрощує процес.	photos/term3_tERQQtZ.jpeg	41	37
\.


--
-- Data for Name: cinema_film; Type: TABLE DATA; Schema: public; Owner: postgres
--

COPY public.cinema_film (id, name, description, main_image, treiler_url, start_date, type_film, gall_id, seo_id, language, description_ru, description_uk, name_ru, name_uk) FROM stdin;
2	Терминатор рус		photos/Terminator_main.jpg	https://django.fun/docs/django/5.2/ref/forms/widgets/#select	2025-07-30		2	2	ru		Про терминатора укр	Терминатор рус	Терминатор укр
6	Гарри Потер	Про Гарри волшебника	photos/гарри.webp	https://www.youtube.com/embed/AFwrmkAHEk4?si=cVQ9RlwJqBRdedW2	2025-07-11	3D	6	6	ru	Про Гарри волшебника	Про Гарри	Гарри Потер	Гарри Потер
5	Хищник	на русском	photos/Хищник.jpg	https://www.youtube.com/embed/4SUrtOB5s_s?si=KOigIgHe2FTrpoCM	2025-07-03	3D,IMAX	5	5	uk	на русском	на укр	Хищник	Хижак
8	Гостья из будущего рус		photos/main_L93MpYv.jpeg	http://127.0.0.1:8000/	2025-07-15	3D,IMAX	8	8	uk		п	Гостья из будущего рус	Гостья из будущего укр
3	Безумный Макс ру		photos/BZ_main.jpeg	https://www.youtube.com/embed/hEJnMQG9ev8?si=pNQGrlNIt8xEsVXc	2025-07-16	IMAX	3	3	uk		Безумный Макс укр	Безумный Макс ру	Скаженний Макc укр
1	Крик рус		photos/main.jpeg	https://habr.com/ru/articles/137223/	2025-07-16	IMAX	1	1	uk		а	Крик рус	Крик укр
7	Фильм		photos/1_vM0wkr0.jpg	http://127.0.0.1:8000/admin/	2025-07-31	2D,3D	7	7	ru		п	Фильм	уцкуцкцк
4	три мушкетера	Три мушкетра	photos/Tri_mush_main_z9UOEsH.jpeg	https://www.youtube.com/embed/1qrbz5zfR5E?si=vNdUYh92lCULKu6G	2025-07-25	3D,IMAX	4	4	uk	Три мушкетра	Mushketera	три мушкетера	Три мушкетери
12	День когда земля остановилась	русский фильм	photos/День.jpeg	https://www.youtube.com/embed/DtLQi-ICOnI?si=b_Bv_H8UoBqwo4Vb	2025-07-10	3D,IMAX	16	12	ru	русский фильм	украинский фильм	День когда земля остановилась	День коли земля зупинилась
13	танцор	выаваыаыв	photos/1_7OwWFha.jpg	https://www.w3schools.com/howto/howto_css_switch.asp	2025-06-29	2D,3D	17	13	uk	выаваыаыв	ываыававы	танцор	танцюрист диско
10	Терминатор 3	История противостояния солдата Кайла Риза и киборга-терминатора, прибывших в 1984-й год из пост-апокалиптического будущего, где миром правят машины-убийцы, а человечество находится на грани вымирания. Цель киборга: убить девушку по имени Сара Коннор, чей ещё нерождённый сын к 2029 году выиграет войну человечества с машинами. Цель Риза: спасти Сару и остановить Терминатора любой ценой.	photos/Terminator_main_Asl8lEj.jpg	https://www.youtube.com/embed/14UTYtI71H8?si=4kvKcRwVBpfUdmmD	2025-07-01	2D,3D	15	10	uk	История противостояния солдата Кайла Риза и киборга-терминатора, прибывших в 1984-й год из пост-апокалиптического будущего, где миром правят машины-убийцы, а человечество находится на грани вымирания. Цель киборга: убить девушку по имени Сара Коннор, чей ещё нерождённый сын к 2029 году выиграет войну человечества с машинами. Цель Риза: спасти Сару и остановить Терминатора любой ценой.	Фільм "Термінатор" - це культовий американський науково-фантастичний бойовик, що вийшов у 1984 році. Сюжет розгортається навколо протистояння між людиною та машинами в майбутньому. В центрі історії - Сара Коннор, яка стає мішенню для кіборга-вбивці з майбутнього, посланого, щоб знищити її. Її захищає солдат з майбутнього, який прибув, щоб врятувати її. Фільм досліджує теми штучного інтелекту, долі та людського духу.	Терминатор 3	Термiнатор 3
9	Парк юрского периода	Экспансивный богач и профессор уговаривает пару ученых-палеонтологов приехать на остров у побережья Коста-Рики, где он устроил реликтовый парк. В парке этом водятся древние зверушки — динозавры, которые по его идее и должны стать гвоздем программы нового аттракциона.	photos/парк.jpeg	https://www.youtube.com/embed/sqlfsYpUFSQ?si=RHO_hEtn-BJpsdIq	2025-07-02	3D,IMAX	14	9	uk	Экспансивный богач и профессор уговаривает пару ученых-палеонтологов приехать на остров у побережья Коста-Рики, где он устроил реликтовый парк. В парке этом водятся древние зверушки — динозавры, которые по его идее и должны стать гвоздем программы нового аттракциона.	Експансивний багач і професор умовляє пару вчених-палеонтологів приїхати на острів біля узбережжя Коста-Ріки, де влаштував реліктовий парк. У цьому парку водяться древні звірятка — динозаври, які за його ідеєю і мають стати цвяхом програми нового атракціону.	Парк юрского периода	Парк Юрського периоду
\.


--
-- Data for Name: cinema_gallery; Type: TABLE DATA; Schema: public; Owner: postgres
--

COPY public.cinema_gallery (id, name) FROM stdin;
1	auto
2	auto
3	auto
4	auto
5	auto
6	auto
7	auto
8	auto
9	три мушкетера
10	Кто то там
11	Три поросенка
12	Человек паук
13	прен
14	auto
15	auto
16	Без названия
17	Без названия
23	Без названия
24	Без названия
25	Без названия
27	Без названия
30	action
31	news
32	news
33	news
35	pages
37	Без названия
38	Без названия
41	Cinema
43	Hall
44	Hall
45	Hall
47	pages
48	Hall
56	news
57	pages
58	action
59	Hall
60	Hall
61	Hall
62	pages
63	pages
\.


--
-- Data for Name: cinema_hall; Type: TABLE DATA; Schema: public; Owner: postgres
--

COPY public.cinema_hall (id, name_hall, description, sheme, banner, "row", col, gall_id, seo_id, description_ru, description_uk, name_hall_ru, name_hall_uk, cinema_id, date_create) FROM stdin;
4	Зал номер 2	фвыфв	photos/1_U3pyTyd.jpg	photos/4_Eel6hvS.jpeg	10	10	38	34	фвыфв	выфв	Зал номер 2	Зал номер 2	3	2025-06-11 11:13:51.781056+03
6	Зал номер 1 Космос	sacadsa	photos/zal1_UVcO1pm.jpeg	photos/Tri3_xmUNu77.jpeg	10	10	43	39	sacadsa	vfdscf	Зал номер 1 Космос	Зал номер 1 Космос	6	2025-06-11 11:13:51.781056+03
9	Зал1		photos/Zal3_mRratjv.jpeg	photos/1_UTSbk9z.jpg	10	10	48	44			Зал1	Зал3	6	2025-06-11 19:04:46.770162+03
10	Зал3	ываа	photos/Zal2.jpeg	photos/2_rbBujqe.webp	10	10	59	55	ываа	аыва	Зал3	зал3	6	2025-07-08 15:04:51.985231+03
12	Зал5	ыва	photos/Zal3_mP7is12.jpeg	photos/1_kNNwCpN.jpg	10	10	61	57	ыва		Зал5	зал 5	6	2025-07-08 15:24:25.907093+03
11	зал 5	234	photos/1_srlSfcj.webp	photos/2_d9mD9Fj.jpeg	10	10	60	56	234	укц	зал 5	зал 5	6	2025-07-08 15:19:29.130396+03
1	Зал номер 3		photos/Zal3_FJI8Ojs.jpeg	photos/term2_vBBOtiK.jpeg	43	44	2	3			Зал номер 3	Зал номер 3	3	2025-06-11 11:13:51.781056+03
3	Зал номер 1	Зал кинотеатра – это специально спроектированное помещение для просмотра фильмов, оснащенное экраном, системой звука и рядами удобных кресел. Основными элементами зала являются экран, система звука, места для зрителей, а также элементы, обеспечивающие хорошую видимость и акустику. \r\nБолее подробно, зал кинотеатра включает в себя:	photos/Zal2_Z79jdi1.jpeg	photos/term3_QYssMDm.jpeg	10	15	37	33	Зал кинотеатра – это специально спроектированное помещение для просмотра фильмов, оснащенное экраном, системой звука и рядами удобных кресел. Основными элементами зала являются экран, система звука, места для зрителей, а также элементы, обеспечивающие хорошую видимость и акустику. \r\nБолее подробно, зал кинотеатра включает в себя:	Зал кінотеатру – це спеціально спроектоване приміщення для перегляду фільмів, оснащене екраном, системою звуку та зручними кріслами. Основними елементами залу є екран, система звуку, місця для глядачів, а також елементи, що забезпечують хорошу видимість та акустику. \r\nБільш докладно, зал кінотеатру включає:	Зал номер 1	Зал номер 1	3	2025-06-11 11:13:51.781056+03
\.


--
-- Data for Name: cinema_image; Type: TABLE DATA; Schema: public; Owner: postgres
--

COPY public.cinema_image (id, image, gall_id) FROM stdin;
1	photos/1.jpg	1
2	photos/2.jpeg	1
3	photos/3.jpeg	1
4	photos/4.jpeg	1
8	photos/2_9EP2FcH.jpeg	7
9	photos/3_Xsm56pO.jpeg	7
10	photos/4_tSjk474.jpeg	7
11	photos/1_WnlhaDd.jpg	8
12	photos/2_xh20Qpj.jpeg	8
13	photos/3_YKiV9kE.jpeg	8
22	photos/1_B8HNXvT.jpg	14
23	photos/2_di1N1JP.jpeg	14
24	photos/3_Jso04dF.jpeg	14
25	photos/4_2PSC3y2.jpeg	14
94	photos/term4_brb7w2l.jpeg	37
32	photos/2_VlRIMIP.jpeg	1
95	photos/Terminator_main_IXzqa4a.jpg	37
96	photos/1_rhl5Pju.jpg	38
97	photos/3_aStSvFW.jpeg	38
6	photos/term1.jpeg	2
7	photos/term2.jpeg	2
36	photos/3_cI0xEZN.jpeg	2
37	photos/term4.jpeg	2
38	photos/term5.jpeg	2
14	photos/Tri1.jpeg	4
15	photos/tri2.jpeg	4
16	photos/Tri3.jpeg	4
39	photos/Tri4.jpeg	4
40	photos/Tri5.jpeg	4
17	photos/BZ1.jpeg	3
18	photos/bz2.jpeg	3
33	photos/bz3.jpeg	3
34	photos/bz4.jpeg	3
35	photos/bz5.jpeg	3
41	photos/1_7DUjiKa.jpg	15
42	photos/2_7fr7o7C.jpeg	15
43	photos/3_juX9GLI.jpeg	15
46	photos/1_FFTVyEM.jpg	16
47	photos/Tri3_GTBYLTG.jpeg	16
48	photos/bz2_fODsnaH.jpeg	16
49	photos/1_4J2gtKG.jpg	6
50	photos/3_pYgC9Ht.jpeg	6
51	photos/1_r0WmADj.jpg	5
52	photos/3_vdV9qdS.jpeg	5
54	photos/4_erHFLB2.jpeg	5
55	photos/2_jmrPQpw.jpeg	5
56	photos/term2_kPhbCa2.jpeg	5
57	photos/term3.jpeg	5
58	photos/n3.jpeg	17
59	photos/1_w2znayR.jpg	17
60	photos/1_W6PukLv.jpg	17
64	photos/2_uZfW9DI.jpeg	16
65	photos/1_wR4VQUT.jpg	15
66	photos/1_U72OUXn.jpg	23
67	photos/3_HUulMo0.jpeg	23
68	photos/1_N1ULmWa.jpg	24
69	photos/2_AKb7jaQ.jpeg	24
70	photos/Tri5_HSx0Hnt.jpeg	25
73	photos/3_s1tMx7G.jpeg	27
78	photos/main_5neJRpU.jpeg	30
79	photos/3_sWbja3c.jpeg	30
80	photos/3_DM7d2y5.jpeg	31
81	photos/2_ZBVIAyg.jpeg	31
82	photos/term2_1UIoJ0i.jpeg	32
83	photos/term3_zXg37u8.jpeg	32
84	photos/main_jMnqTU4.jpeg	33
85	photos/2_QXX7jAH.webp	33
92	photos/Terminator_main_PQXtgS5.jpg	35
93	photos/term4_meVJE3N.jpeg	35
101	photos/main_WrmiTZU.jpeg	41
102	photos/Terminator_main_vz3zdeG.jpg	41
103	photos/term3_CPVavzO.jpeg	43
105	photos/3_H628Q34.jpeg	44
106	photos/term4_nFz8FET.jpeg	44
107	photos/main_2fc3n8x.jpeg	43
108	photos/term3_Cq6zk65.jpeg	45
113	photos/5_UuHqe5y.jpeg	48
121	photos/1_InBf5s5.webp	56
122	photos/2_Tj71Y8W.webp	58
123	photos/Tri5_fEYRwjH.jpeg	41
124	photos/main_mtxob5V.jpeg	41
125	photos/bz3_at7UVO1.jpeg	41
111	photos/caffe2.jpeg	47
112	photos/caffe3.jpeg	47
126	photos/4.webp	62
127	photos/kaffe1_CPaiu27.jpeg	62
132	photos/bz4_ebdOy20.jpeg	62
129	photos/33.jpg	63
\.


--
-- Data for Name: cinema_newsletter; Type: TABLE DATA; Schema: public; Owner: postgres
--

COPY public.cinema_newsletter (id, name_template, path_template) FROM stdin;
65	2.html	sample/2_inc5q3E.html
66	3.html	sample/3_hrlAOJ2.html
69	2.html	sample/2_ypLnrLS.html
75	3.html	sample/3_T4jOut9.html
76	2.html	sample/2_B2QczHk.html
77	1.html	sample/1_LsFQ0Vy.html
18	1.html	sample/1.html
94	2.html	sample/2_g8UauCK.html
50	2.html	sample/2_quBdZLl.html
51	3.html	sample/3_Fht9d7Q.html
53	3.html	sample/3_MZzKrtS.html
54	2.html	sample/2_dJvu9Ua.html
55	2.html	sample/2_4No4h6U.html
56	1.html	sample/1_uu2BRBo.html
57	3.html	sample/3_k3wbUql.html
58	3.html	sample/3_ocCvD3j.html
\.


--
-- Data for Name: cinema_price; Type: TABLE DATA; Schema: public; Owner: postgres
--

COPY public.cinema_price (id, price1, price2, vip_price) FROM stdin;
1	50	100	200
\.


--
-- Data for Name: cinema_seo; Type: TABLE DATA; Schema: public; Owner: postgres
--

COPY public.cinema_seo (id, seo_url, seo_title, seo_keywords, seo_description) FROM stdin;
12	https://mail.google.com	уцкц	ываа	333333333333
40	https://pypi.org/project/django-debug-toolbar/	ыва	ыва	ываыа
43	https://pypi.org/project/django-debug-toolbar/	сыв	мвавм	чвмымымв
39	https://www.google.com/	dcfs	dsf	fsdfsdf
41	https://pypi.org/project/django-debug-toolbar/	аыва	аыв	ваываыв
5	https://django.fun/docs/django/5.2/ref/forms/widgets/#select	цкекц	укее	укееукеуееук
54	http://127.0.0.1:8000	я	яч	ычяы
7	http://127.0.0.1:8000/admin/	вмыв	выаы	описание
3	https://django.fun/docs/django/5.2/ref/forms/widgets/#select	Будущее	Макс	Про полицейского
37	https://pypi.org/project/django-debug-toolbar/	ваы	ыва	ыаываыаыв
4	https://django.fun/docs/django/5.2/ref/forms/widgets/#select	France warrior	Gaskonia	хороший фильм
44	https://www.kapwing.com/folder/683c0ea162895f5424921edc	ваыв	ваы	ваываыв
13	https://www.w3schools.com/howto/howto_css_switch.asp	ячсяч	ячся	135
52	https://my.adcombo.com/login	фв	фыв	ывф
53	https://my.adcombo.com/login	ы	ы	ы
9	http://127.0.0.1:8000/admin/	космос корабли	галактика	хорошая галактика 1
21	https://www.w3schools.com/howto/howto_css_switch.asp	вываы	выаыв	аываыфавфыва
23	https://www.w3schools.com/howto/howto_css_switch.asp	eee	eee	eeee
28	https://www.kapwing.com/folder/683c0ea162895f5424921edc	ваы	ыва	ываываы
6	http://127.0.0.1:8000/admin/	укйку	яваяв	чясясячс
31	https://www.kapwing.com/folder/683c0ea162895f5424921edc	выфывфы	ывфыв	ыфвфывф
29	https://www.kapwing.com/folder/683c0ea162895f5424921edc	вымы	паит	проба редактирования
34	http://127.0.0.1:8000/admin/news_action/12/edit/	ываы	ываы	ываываы
35	https://pypi.org/project/django-debug-toolbar/	авыа	авыавыава	выааывав
36	https://pypi.org/project/django-debug-toolbar/	https://pypi.org/projeваы	ваы	афываываы
33	https://www.bootstraptoggle.com/	dsfsdfs	dsfsdfssdsfdfs	fwefssfdf
20	https://django.fun/docs/django/5.2/topics/class-based-views/generic-editing/#basic-forms	vdvxd	dsv	vsdvs
19	https://www.w3schools.com/howto/howto_css_switch.asp	dfsfs	dsfd	asdvdsdvsdvds
27	https://www.kapwing.com/folder/683c0ea162895f5424921edc	васыв	выаы	ываыаыав
55	https://www.w3schools.com/howto/howto_css_switch.asp	выс	свы	ысвсвя 7
26	https://www.w3schools.com/howto/howto_css_switch.asp	sdfds	dsffsd	cxdfvsdvsdsdsvdvw
57	https://my.adcombo.com/login	выфывфыфыв	ыва	ыаваыва
56	https://pypi.org/project/django-debug-toolbar/	243	243	234432
58	https://nic.ua/ru/login	ыфвфыа	ываыы	ываываы
10	http://127.0.0.1:8000/admin/	ewrrew	rewer	Фільм "Термінатор" - це культовий американський науково-фантастичний бойовик, що вийшов у 1984 році. Сюжет розгортається навколо протистояння між людиною та машинами в майбутньому. В центрі історії - Сара Коннор, яка стає мішенню для кіборга-вбивці з майбутнього, посланого, щоб знищити її. Її захищає солдат з майбутнього, який прибув, щоб врятувати її. Фільм досліджує теми штучного інтелекту, долі та людського духу.
59	https://translate.google.com/?hl=ru&sl=auto&tl=ru&op=translate	енна	неке	екуекекуеукеку
2	https://django.fun/docs/django/5.2/ref/forms/widgets/#select	Terminator	future	About killer
8	http://127.0.0.1:8000/	цвй	цуй	ваыа
1	https://habr.com/ru/articles/137223/	ропрп	олоплопр	7
\.


--
-- Data for Name: cinema_session; Type: TABLE DATA; Schema: public; Owner: postgres
--

COPY public.cinema_session (id, date_session, time_session, film_id, hall_id, price_id, type_film) FROM stdin;
12	2025-07-16	12:30:00	10	3	1	3D
13	2025-07-18	13:00:00	13	9	1	IMAX
14	2025-07-21	22:30:00	9	11	1	IMAX
15	2025-07-21	15:30:00	9	10	1	IMAX
16	2025-07-22	18:30:00	12	6	1	2D
17	2025-07-22	17:30:00	7	3	1	2D
18	2025-07-21	15:00:00	13	6	1	3D
19	2025-07-22	12:00:00	4	3	1	IMAX
20	2025-07-21	14:30:00	9	11	1	2D
21	2025-07-20	11:30:00	6	11	1	IMAX
22	2025-07-23	11:00:00	10	11	1	3D
23	2025-07-23	18:30:00	5	4	1	3D
24	2025-07-21	14:00:00	1	1	1	3D
25	2025-07-21	12:00:00	13	11	1	IMAX
26	2025-07-23	20:30:00	3	6	1	3D
27	2025-07-23	10:30:00	6	6	1	2D
28	2025-07-26	16:30:00	13	6	1	IMAX
29	2025-07-26	13:30:00	7	4	1	3D
30	2025-07-23	10:00:00	6	10	1	IMAX
31	2025-07-26	15:30:00	10	3	1	IMAX
32	2025-07-23	18:00:00	1	6	1	2D
33	2025-07-27	10:30:00	10	11	1	3D
34	2025-07-24	22:30:00	7	4	1	IMAX
35	2025-07-23	14:30:00	10	11	1	2D
36	2025-07-25	20:00:00	7	6	1	3D
37	2025-07-29	15:00:00	3	1	1	IMAX
38	2025-07-27	20:00:00	8	11	1	IMAX
39	2025-07-27	18:30:00	9	9	1	2D
40	2025-07-27	10:00:00	1	12	1	2D
41	2025-07-29	14:30:00	5	9	1	3D
42	2025-07-26	14:00:00	8	6	1	IMAX
43	2025-07-30	16:00:00	10	11	1	3D
44	2025-07-30	21:30:00	5	10	1	IMAX
45	2025-07-29	19:30:00	7	6	1	IMAX
46	2025-07-29	21:00:00	4	9	1	3D
\.


--
-- Data for Name: cinema_ticket; Type: TABLE DATA; Schema: public; Owner: postgres
--

COPY public.cinema_ticket (id, "row", place, session_id, user_id, status) FROM stdin;
1	1	1	12	\N	free
2	1	2	12	\N	free
3	1	3	12	\N	free
4	1	4	12	\N	free
5	1	5	12	\N	free
6	1	6	12	\N	free
15	1	15	12	2	bought
8	1	8	12	\N	free
14	1	14	12	2	bought
10	1	10	12	\N	free
11	1	11	12	\N	free
12	1	12	12	\N	free
13	1	13	12	\N	free
16	2	1	12	\N	free
17	2	2	12	\N	free
18	2	3	12	\N	free
19	2	4	12	\N	free
20	2	5	12	\N	free
21	2	6	12	\N	free
3443	1	1	27	\N	free
23	2	8	12	\N	free
24	2	9	12	\N	free
25	2	10	12	\N	free
26	2	11	12	\N	free
27	2	12	12	\N	free
28	2	13	12	\N	free
29	2	14	12	\N	free
30	2	15	12	\N	free
31	3	1	12	\N	free
32	3	2	12	\N	free
33	3	3	12	\N	free
34	3	4	12	\N	free
3444	1	2	27	\N	free
36	3	6	12	\N	free
37	3	7	12	\N	free
38	3	8	12	\N	free
39	3	9	12	\N	free
3445	1	3	27	\N	free
42	3	12	12	\N	free
43	3	13	12	\N	free
44	3	14	12	\N	free
45	3	15	12	\N	free
46	4	1	12	\N	free
47	4	2	12	\N	free
48	4	3	12	\N	free
49	4	4	12	\N	free
50	4	5	12	\N	free
51	4	6	12	\N	free
52	4	7	12	\N	free
53	4	8	12	\N	free
54	4	9	12	\N	free
57	4	12	12	\N	free
58	4	13	12	\N	free
59	4	14	12	\N	free
60	4	15	12	\N	free
61	5	1	12	\N	free
62	5	2	12	\N	free
63	5	3	12	\N	free
64	5	4	12	\N	free
65	5	5	12	\N	free
66	5	6	12	\N	free
67	5	7	12	\N	free
68	5	8	12	\N	free
69	5	9	12	\N	free
70	5	10	12	\N	free
71	5	11	12	\N	free
72	5	12	12	\N	free
73	5	13	12	\N	free
74	5	14	12	\N	free
75	5	15	12	\N	free
76	6	1	12	\N	free
77	6	2	12	\N	free
78	6	3	12	\N	free
79	6	4	12	\N	free
80	6	5	12	\N	free
83	6	8	12	\N	free
84	6	9	12	\N	free
85	6	10	12	\N	free
86	6	11	12	\N	free
87	6	12	12	\N	free
88	6	13	12	\N	free
89	6	14	12	\N	free
90	6	15	12	\N	free
91	7	1	12	\N	free
92	7	2	12	\N	free
93	7	3	12	\N	free
94	7	4	12	\N	free
95	7	5	12	\N	free
96	7	6	12	\N	free
97	7	7	12	\N	free
98	7	8	12	\N	free
99	7	9	12	\N	free
100	7	10	12	\N	free
101	7	11	12	\N	free
102	7	12	12	\N	free
103	7	13	12	\N	free
104	7	14	12	\N	free
105	7	15	12	\N	free
106	8	1	12	\N	free
107	8	2	12	\N	free
108	8	3	12	\N	free
109	8	4	12	\N	free
110	8	5	12	\N	free
111	8	6	12	\N	free
112	8	7	12	\N	free
113	8	8	12	\N	free
114	8	9	12	\N	free
115	8	10	12	\N	free
116	8	11	12	\N	free
117	8	12	12	\N	free
118	8	13	12	\N	free
119	8	14	12	\N	free
120	8	15	12	\N	free
121	9	1	12	\N	free
122	9	2	12	\N	free
123	9	3	12	\N	free
124	9	4	12	\N	free
125	9	5	12	\N	free
126	9	6	12	\N	free
127	9	7	12	\N	free
128	9	8	12	\N	free
129	9	9	12	\N	free
130	9	10	12	\N	free
131	9	11	12	\N	free
132	9	12	12	\N	free
133	9	13	12	\N	free
134	9	14	12	\N	free
135	9	15	12	\N	free
136	10	1	12	\N	free
35	3	5	12	2	bought
40	3	10	12	19	booked
41	3	11	12	19	booked
55	4	10	12	19	bought
56	4	11	12	19	bought
137	10	2	12	\N	free
138	10	3	12	\N	free
139	10	4	12	\N	free
140	10	5	12	\N	free
141	10	6	12	\N	free
142	10	7	12	\N	free
143	10	8	12	\N	free
144	10	9	12	\N	free
145	10	10	12	\N	free
146	10	11	12	\N	free
147	10	12	12	\N	free
148	10	13	12	\N	free
149	10	14	12	\N	free
150	10	15	12	\N	free
7	1	7	12	2	booked
9	1	9	12	2	booked
22	2	7	12	2	booked
81	6	6	12	2	booked
82	6	7	12	2	booked
151	1	1	13	\N	free
152	1	2	13	\N	free
153	1	3	13	\N	free
154	1	4	13	\N	free
155	1	5	13	\N	free
156	1	6	13	\N	free
157	1	7	13	\N	free
158	1	8	13	\N	free
159	1	9	13	\N	free
160	1	10	13	\N	free
161	2	1	13	\N	free
162	2	2	13	\N	free
163	2	3	13	\N	free
164	2	4	13	\N	free
165	2	5	13	\N	free
166	2	6	13	\N	free
167	2	7	13	\N	free
168	2	8	13	\N	free
169	2	9	13	\N	free
170	2	10	13	\N	free
171	3	1	13	\N	free
172	3	2	13	\N	free
173	3	3	13	\N	free
174	3	4	13	\N	free
175	3	5	13	\N	free
176	3	6	13	\N	free
177	3	7	13	\N	free
178	3	8	13	\N	free
179	3	9	13	\N	free
180	3	10	13	\N	free
181	4	1	13	\N	free
182	4	2	13	\N	free
183	4	3	13	\N	free
184	4	4	13	\N	free
185	4	5	13	\N	free
186	4	6	13	\N	free
187	4	7	13	\N	free
188	4	8	13	\N	free
189	4	9	13	\N	free
190	4	10	13	\N	free
191	5	1	13	\N	free
192	5	2	13	\N	free
193	5	3	13	\N	free
194	5	4	13	\N	free
195	5	5	13	\N	free
196	5	6	13	\N	free
197	5	7	13	\N	free
198	5	8	13	\N	free
199	5	9	13	\N	free
200	5	10	13	\N	free
201	6	1	13	\N	free
202	6	2	13	\N	free
203	6	3	13	\N	free
204	6	4	13	\N	free
205	6	5	13	\N	free
206	6	6	13	\N	free
207	6	7	13	\N	free
208	6	8	13	\N	free
209	6	9	13	\N	free
210	6	10	13	\N	free
211	7	1	13	\N	free
212	7	2	13	\N	free
213	7	3	13	\N	free
214	7	4	13	\N	free
215	7	5	13	\N	free
216	7	6	13	\N	free
217	7	7	13	\N	free
218	7	8	13	\N	free
219	7	9	13	\N	free
220	7	10	13	\N	free
221	8	1	13	\N	free
222	8	2	13	\N	free
223	8	3	13	\N	free
224	8	4	13	\N	free
225	8	5	13	\N	free
226	8	6	13	\N	free
227	8	7	13	\N	free
228	8	8	13	\N	free
229	8	9	13	\N	free
230	8	10	13	\N	free
231	9	1	13	\N	free
232	9	2	13	\N	free
233	9	3	13	\N	free
234	9	4	13	\N	free
235	9	5	13	\N	free
236	9	6	13	\N	free
237	9	7	13	\N	free
238	9	8	13	\N	free
239	9	9	13	\N	free
240	9	10	13	\N	free
241	10	1	13	\N	free
242	10	2	13	\N	free
243	10	3	13	\N	free
244	10	4	13	\N	free
245	10	5	13	\N	free
246	10	6	13	\N	free
247	10	7	13	\N	free
248	10	8	13	\N	free
249	10	9	13	\N	free
250	10	10	13	\N	free
251	1	1	14	\N	free
252	1	2	14	\N	free
253	1	3	14	\N	free
254	1	4	14	\N	free
255	1	5	14	\N	free
256	1	6	14	\N	free
257	1	7	14	\N	free
258	1	8	14	\N	free
259	1	9	14	\N	free
260	1	10	14	\N	free
261	2	1	14	\N	free
262	2	2	14	\N	free
263	2	3	14	\N	free
264	2	4	14	\N	free
265	2	5	14	\N	free
266	2	6	14	\N	free
267	2	7	14	\N	free
268	2	8	14	\N	free
269	2	9	14	\N	free
270	2	10	14	\N	free
271	3	1	14	\N	free
272	3	2	14	\N	free
273	3	3	14	\N	free
274	3	4	14	\N	free
275	3	5	14	\N	free
276	3	6	14	\N	free
277	3	7	14	\N	free
278	3	8	14	\N	free
279	3	9	14	\N	free
280	3	10	14	\N	free
281	4	1	14	\N	free
282	4	2	14	\N	free
283	4	3	14	\N	free
284	4	4	14	\N	free
285	4	5	14	\N	free
286	4	6	14	\N	free
287	4	7	14	\N	free
288	4	8	14	\N	free
289	4	9	14	\N	free
290	4	10	14	\N	free
291	5	1	14	\N	free
292	5	2	14	\N	free
293	5	3	14	\N	free
294	5	4	14	\N	free
295	5	5	14	\N	free
296	5	6	14	\N	free
297	5	7	14	\N	free
298	5	8	14	\N	free
299	5	9	14	\N	free
300	5	10	14	\N	free
301	6	1	14	\N	free
302	6	2	14	\N	free
303	6	3	14	\N	free
304	6	4	14	\N	free
305	6	5	14	\N	free
306	6	6	14	\N	free
307	6	7	14	\N	free
308	6	8	14	\N	free
309	6	9	14	\N	free
310	6	10	14	\N	free
311	7	1	14	\N	free
312	7	2	14	\N	free
313	7	3	14	\N	free
314	7	4	14	\N	free
315	7	5	14	\N	free
316	7	6	14	\N	free
317	7	7	14	\N	free
318	7	8	14	\N	free
319	7	9	14	\N	free
320	7	10	14	\N	free
321	8	1	14	\N	free
322	8	2	14	\N	free
323	8	3	14	\N	free
324	8	4	14	\N	free
325	8	5	14	\N	free
326	8	6	14	\N	free
327	8	7	14	\N	free
328	8	8	14	\N	free
329	8	9	14	\N	free
330	8	10	14	\N	free
331	9	1	14	\N	free
332	9	2	14	\N	free
333	9	3	14	\N	free
334	9	4	14	\N	free
335	9	5	14	\N	free
336	9	6	14	\N	free
337	9	7	14	\N	free
338	9	8	14	\N	free
339	9	9	14	\N	free
340	9	10	14	\N	free
341	10	1	14	\N	free
342	10	2	14	\N	free
343	10	3	14	\N	free
344	10	4	14	\N	free
345	10	5	14	\N	free
346	10	6	14	\N	free
347	10	7	14	\N	free
348	10	8	14	\N	free
349	10	9	14	\N	free
350	10	10	14	\N	free
351	1	1	15	\N	free
352	1	2	15	\N	free
353	1	3	15	\N	free
354	1	4	15	\N	free
355	1	5	15	\N	free
356	1	6	15	\N	free
357	1	7	15	\N	free
358	1	8	15	\N	free
359	1	9	15	\N	free
360	1	10	15	\N	free
361	2	1	15	\N	free
362	2	2	15	\N	free
363	2	3	15	\N	free
364	2	4	15	\N	free
365	2	5	15	\N	free
366	2	6	15	\N	free
367	2	7	15	\N	free
368	2	8	15	\N	free
369	2	9	15	\N	free
370	2	10	15	\N	free
371	3	1	15	\N	free
372	3	2	15	\N	free
373	3	3	15	\N	free
374	3	4	15	\N	free
375	3	5	15	\N	free
376	3	6	15	\N	free
377	3	7	15	\N	free
378	3	8	15	\N	free
379	3	9	15	\N	free
380	3	10	15	\N	free
381	4	1	15	\N	free
382	4	2	15	\N	free
383	4	3	15	\N	free
384	4	4	15	\N	free
385	4	5	15	\N	free
386	4	6	15	\N	free
387	4	7	15	\N	free
388	4	8	15	\N	free
389	4	9	15	\N	free
390	4	10	15	\N	free
391	5	1	15	\N	free
392	5	2	15	\N	free
393	5	3	15	\N	free
394	5	4	15	\N	free
395	5	5	15	\N	free
396	5	6	15	\N	free
397	5	7	15	\N	free
398	5	8	15	\N	free
399	5	9	15	\N	free
400	5	10	15	\N	free
401	6	1	15	\N	free
402	6	2	15	\N	free
403	6	3	15	\N	free
404	6	4	15	\N	free
405	6	5	15	\N	free
406	6	6	15	\N	free
407	6	7	15	\N	free
408	6	8	15	\N	free
409	6	9	15	\N	free
410	6	10	15	\N	free
411	7	1	15	\N	free
412	7	2	15	\N	free
413	7	3	15	\N	free
414	7	4	15	\N	free
415	7	5	15	\N	free
416	7	6	15	\N	free
417	7	7	15	\N	free
418	7	8	15	\N	free
419	7	9	15	\N	free
420	7	10	15	\N	free
421	8	1	15	\N	free
422	8	2	15	\N	free
423	8	3	15	\N	free
424	8	4	15	\N	free
425	8	5	15	\N	free
426	8	6	15	\N	free
427	8	7	15	\N	free
428	8	8	15	\N	free
429	8	9	15	\N	free
430	8	10	15	\N	free
431	9	1	15	\N	free
432	9	2	15	\N	free
433	9	3	15	\N	free
434	9	4	15	\N	free
435	9	5	15	\N	free
436	9	6	15	\N	free
437	9	7	15	\N	free
438	9	8	15	\N	free
439	9	9	15	\N	free
440	9	10	15	\N	free
441	10	1	15	\N	free
442	10	2	15	\N	free
443	10	3	15	\N	free
444	10	4	15	\N	free
445	10	5	15	\N	free
446	10	6	15	\N	free
447	10	7	15	\N	free
448	10	8	15	\N	free
449	10	9	15	\N	free
450	10	10	15	\N	free
451	1	1	16	\N	free
452	1	2	16	\N	free
453	1	3	16	\N	free
454	1	4	16	\N	free
455	1	5	16	\N	free
456	1	6	16	\N	free
457	1	7	16	\N	free
458	1	8	16	\N	free
459	1	9	16	\N	free
460	1	10	16	\N	free
461	2	1	16	\N	free
462	2	2	16	\N	free
463	2	3	16	\N	free
464	2	4	16	\N	free
465	2	5	16	\N	free
466	2	6	16	\N	free
467	2	7	16	\N	free
468	2	8	16	\N	free
469	2	9	16	\N	free
470	2	10	16	\N	free
471	3	1	16	\N	free
472	3	2	16	\N	free
473	3	3	16	\N	free
474	3	4	16	\N	free
475	3	5	16	\N	free
476	3	6	16	\N	free
477	3	7	16	\N	free
478	3	8	16	\N	free
479	3	9	16	\N	free
480	3	10	16	\N	free
481	4	1	16	\N	free
482	4	2	16	\N	free
483	4	3	16	\N	free
484	4	4	16	\N	free
485	4	5	16	\N	free
486	4	6	16	\N	free
487	4	7	16	\N	free
488	4	8	16	\N	free
489	4	9	16	\N	free
490	4	10	16	\N	free
491	5	1	16	\N	free
492	5	2	16	\N	free
493	5	3	16	\N	free
494	5	4	16	\N	free
495	5	5	16	\N	free
496	5	6	16	\N	free
497	5	7	16	\N	free
498	5	8	16	\N	free
499	5	9	16	\N	free
500	5	10	16	\N	free
501	6	1	16	\N	free
502	6	2	16	\N	free
503	6	3	16	\N	free
504	6	4	16	\N	free
505	6	5	16	\N	free
506	6	6	16	\N	free
507	6	7	16	\N	free
508	6	8	16	\N	free
509	6	9	16	\N	free
510	6	10	16	\N	free
511	7	1	16	\N	free
512	7	2	16	\N	free
513	7	3	16	\N	free
514	7	4	16	\N	free
515	7	5	16	\N	free
516	7	6	16	\N	free
517	7	7	16	\N	free
518	7	8	16	\N	free
519	7	9	16	\N	free
520	7	10	16	\N	free
521	8	1	16	\N	free
522	8	2	16	\N	free
523	8	3	16	\N	free
524	8	4	16	\N	free
525	8	5	16	\N	free
526	8	6	16	\N	free
527	8	7	16	\N	free
528	8	8	16	\N	free
529	8	9	16	\N	free
530	8	10	16	\N	free
531	9	1	16	\N	free
532	9	2	16	\N	free
533	9	3	16	\N	free
534	9	4	16	\N	free
535	9	5	16	\N	free
536	9	6	16	\N	free
537	9	7	16	\N	free
538	9	8	16	\N	free
539	9	9	16	\N	free
540	9	10	16	\N	free
541	10	1	16	\N	free
542	10	2	16	\N	free
543	10	3	16	\N	free
544	10	4	16	\N	free
545	10	5	16	\N	free
546	10	6	16	\N	free
547	10	7	16	\N	free
548	10	8	16	\N	free
549	10	9	16	\N	free
550	10	10	16	\N	free
551	1	1	17	\N	free
552	1	2	17	\N	free
553	1	3	17	\N	free
554	1	4	17	\N	free
555	1	5	17	\N	free
556	1	6	17	\N	free
557	1	7	17	\N	free
558	1	8	17	\N	free
559	1	9	17	\N	free
560	1	10	17	\N	free
561	1	11	17	\N	free
562	1	12	17	\N	free
563	1	13	17	\N	free
564	1	14	17	\N	free
565	1	15	17	\N	free
566	2	1	17	\N	free
567	2	2	17	\N	free
568	2	3	17	\N	free
569	2	4	17	\N	free
570	2	5	17	\N	free
571	2	6	17	\N	free
572	2	7	17	\N	free
573	2	8	17	\N	free
574	2	9	17	\N	free
575	2	10	17	\N	free
576	2	11	17	\N	free
577	2	12	17	\N	free
578	2	13	17	\N	free
579	2	14	17	\N	free
580	2	15	17	\N	free
581	3	1	17	\N	free
582	3	2	17	\N	free
583	3	3	17	\N	free
584	3	4	17	\N	free
585	3	5	17	\N	free
586	3	6	17	\N	free
587	3	7	17	\N	free
588	3	8	17	\N	free
589	3	9	17	\N	free
590	3	10	17	\N	free
591	3	11	17	\N	free
592	3	12	17	\N	free
593	3	13	17	\N	free
594	3	14	17	\N	free
595	3	15	17	\N	free
596	4	1	17	\N	free
597	4	2	17	\N	free
598	4	3	17	\N	free
599	4	4	17	\N	free
600	4	5	17	\N	free
601	4	6	17	\N	free
602	4	7	17	\N	free
603	4	8	17	\N	free
604	4	9	17	\N	free
605	4	10	17	\N	free
606	4	11	17	\N	free
607	4	12	17	\N	free
608	4	13	17	\N	free
609	4	14	17	\N	free
610	4	15	17	\N	free
611	5	1	17	\N	free
612	5	2	17	\N	free
613	5	3	17	\N	free
614	5	4	17	\N	free
615	5	5	17	\N	free
616	5	6	17	\N	free
617	5	7	17	\N	free
618	5	8	17	\N	free
619	5	9	17	\N	free
620	5	10	17	\N	free
621	5	11	17	\N	free
622	5	12	17	\N	free
623	5	13	17	\N	free
624	5	14	17	\N	free
625	5	15	17	\N	free
626	6	1	17	\N	free
627	6	2	17	\N	free
628	6	3	17	\N	free
629	6	4	17	\N	free
630	6	5	17	\N	free
631	6	6	17	\N	free
632	6	7	17	\N	free
633	6	8	17	\N	free
634	6	9	17	\N	free
635	6	10	17	\N	free
636	6	11	17	\N	free
637	6	12	17	\N	free
638	6	13	17	\N	free
639	6	14	17	\N	free
640	6	15	17	\N	free
641	7	1	17	\N	free
642	7	2	17	\N	free
643	7	3	17	\N	free
644	7	4	17	\N	free
645	7	5	17	\N	free
646	7	6	17	\N	free
647	7	7	17	\N	free
648	7	8	17	\N	free
649	7	9	17	\N	free
650	7	10	17	\N	free
651	7	11	17	\N	free
652	7	12	17	\N	free
653	7	13	17	\N	free
654	7	14	17	\N	free
655	7	15	17	\N	free
656	8	1	17	\N	free
657	8	2	17	\N	free
658	8	3	17	\N	free
659	8	4	17	\N	free
660	8	5	17	\N	free
661	8	6	17	\N	free
662	8	7	17	\N	free
663	8	8	17	\N	free
664	8	9	17	\N	free
665	8	10	17	\N	free
666	8	11	17	\N	free
667	8	12	17	\N	free
668	8	13	17	\N	free
669	8	14	17	\N	free
670	8	15	17	\N	free
671	9	1	17	\N	free
672	9	2	17	\N	free
673	9	3	17	\N	free
674	9	4	17	\N	free
675	9	5	17	\N	free
676	9	6	17	\N	free
677	9	7	17	\N	free
678	9	8	17	\N	free
679	9	9	17	\N	free
680	9	10	17	\N	free
681	9	11	17	\N	free
682	9	12	17	\N	free
683	9	13	17	\N	free
684	9	14	17	\N	free
685	9	15	17	\N	free
686	10	1	17	\N	free
687	10	2	17	\N	free
688	10	3	17	\N	free
689	10	4	17	\N	free
690	10	5	17	\N	free
691	10	6	17	\N	free
692	10	7	17	\N	free
693	10	8	17	\N	free
694	10	9	17	\N	free
695	10	10	17	\N	free
696	10	11	17	\N	free
697	10	12	17	\N	free
698	10	13	17	\N	free
699	10	14	17	\N	free
700	10	15	17	\N	free
701	1	1	18	\N	free
702	1	2	18	\N	free
703	1	3	18	\N	free
704	1	4	18	\N	free
705	1	5	18	\N	free
706	1	6	18	\N	free
707	1	7	18	\N	free
708	1	8	18	\N	free
709	1	9	18	\N	free
710	1	10	18	\N	free
711	2	1	18	\N	free
712	2	2	18	\N	free
713	2	3	18	\N	free
714	2	4	18	\N	free
715	2	5	18	\N	free
716	2	6	18	\N	free
717	2	7	18	\N	free
718	2	8	18	\N	free
719	2	9	18	\N	free
720	2	10	18	\N	free
721	3	1	18	\N	free
722	3	2	18	\N	free
723	3	3	18	\N	free
724	3	4	18	\N	free
725	3	5	18	\N	free
726	3	6	18	\N	free
727	3	7	18	\N	free
728	3	8	18	\N	free
729	3	9	18	\N	free
730	3	10	18	\N	free
731	4	1	18	\N	free
732	4	2	18	\N	free
733	4	3	18	\N	free
734	4	4	18	\N	free
735	4	5	18	\N	free
736	4	6	18	\N	free
737	4	7	18	\N	free
738	4	8	18	\N	free
739	4	9	18	\N	free
740	4	10	18	\N	free
741	5	1	18	\N	free
742	5	2	18	\N	free
743	5	3	18	\N	free
744	5	4	18	\N	free
745	5	5	18	\N	free
746	5	6	18	\N	free
747	5	7	18	\N	free
748	5	8	18	\N	free
749	5	9	18	\N	free
750	5	10	18	\N	free
751	6	1	18	\N	free
752	6	2	18	\N	free
753	6	3	18	\N	free
754	6	4	18	\N	free
755	6	5	18	\N	free
756	6	6	18	\N	free
757	6	7	18	\N	free
758	6	8	18	\N	free
759	6	9	18	\N	free
760	6	10	18	\N	free
761	7	1	18	\N	free
762	7	2	18	\N	free
763	7	3	18	\N	free
764	7	4	18	\N	free
765	7	5	18	\N	free
766	7	6	18	\N	free
767	7	7	18	\N	free
768	7	8	18	\N	free
769	7	9	18	\N	free
770	7	10	18	\N	free
771	8	1	18	\N	free
772	8	2	18	\N	free
773	8	3	18	\N	free
774	8	4	18	\N	free
775	8	5	18	\N	free
776	8	6	18	\N	free
777	8	7	18	\N	free
778	8	8	18	\N	free
779	8	9	18	\N	free
780	8	10	18	\N	free
781	9	1	18	\N	free
782	9	2	18	\N	free
783	9	3	18	\N	free
784	9	4	18	\N	free
785	9	5	18	\N	free
786	9	6	18	\N	free
787	9	7	18	\N	free
788	9	8	18	\N	free
789	9	9	18	\N	free
790	9	10	18	\N	free
791	10	1	18	\N	free
792	10	2	18	\N	free
793	10	3	18	\N	free
794	10	4	18	\N	free
795	10	5	18	\N	free
796	10	6	18	\N	free
797	10	7	18	\N	free
798	10	8	18	\N	free
799	10	9	18	\N	free
800	10	10	18	\N	free
801	1	1	19	\N	free
802	1	2	19	\N	free
803	1	3	19	\N	free
804	1	4	19	\N	free
805	1	5	19	\N	free
806	1	6	19	\N	free
807	1	7	19	\N	free
808	1	8	19	\N	free
809	1	9	19	\N	free
810	1	10	19	\N	free
811	1	11	19	\N	free
812	1	12	19	\N	free
813	1	13	19	\N	free
814	1	14	19	\N	free
815	1	15	19	\N	free
816	2	1	19	\N	free
817	2	2	19	\N	free
818	2	3	19	\N	free
819	2	4	19	\N	free
820	2	5	19	\N	free
821	2	6	19	\N	free
822	2	7	19	\N	free
823	2	8	19	\N	free
824	2	9	19	\N	free
825	2	10	19	\N	free
826	2	11	19	\N	free
827	2	12	19	\N	free
828	2	13	19	\N	free
829	2	14	19	\N	free
830	2	15	19	\N	free
831	3	1	19	\N	free
832	3	2	19	\N	free
833	3	3	19	\N	free
834	3	4	19	\N	free
835	3	5	19	\N	free
836	3	6	19	\N	free
837	3	7	19	\N	free
838	3	8	19	\N	free
839	3	9	19	\N	free
840	3	10	19	\N	free
841	3	11	19	\N	free
842	3	12	19	\N	free
843	3	13	19	\N	free
844	3	14	19	\N	free
845	3	15	19	\N	free
846	4	1	19	\N	free
847	4	2	19	\N	free
848	4	3	19	\N	free
849	4	4	19	\N	free
850	4	5	19	\N	free
851	4	6	19	\N	free
852	4	7	19	\N	free
853	4	8	19	\N	free
854	4	9	19	\N	free
855	4	10	19	\N	free
856	4	11	19	\N	free
857	4	12	19	\N	free
858	4	13	19	\N	free
859	4	14	19	\N	free
860	4	15	19	\N	free
861	5	1	19	\N	free
862	5	2	19	\N	free
863	5	3	19	\N	free
864	5	4	19	\N	free
865	5	5	19	\N	free
866	5	6	19	\N	free
867	5	7	19	\N	free
868	5	8	19	\N	free
869	5	9	19	\N	free
870	5	10	19	\N	free
871	5	11	19	\N	free
872	5	12	19	\N	free
873	5	13	19	\N	free
874	5	14	19	\N	free
875	5	15	19	\N	free
876	6	1	19	\N	free
877	6	2	19	\N	free
878	6	3	19	\N	free
879	6	4	19	\N	free
880	6	5	19	\N	free
881	6	6	19	\N	free
882	6	7	19	\N	free
883	6	8	19	\N	free
884	6	9	19	\N	free
885	6	10	19	\N	free
886	6	11	19	\N	free
887	6	12	19	\N	free
888	6	13	19	\N	free
889	6	14	19	\N	free
890	6	15	19	\N	free
891	7	1	19	\N	free
892	7	2	19	\N	free
893	7	3	19	\N	free
894	7	4	19	\N	free
895	7	5	19	\N	free
896	7	6	19	\N	free
897	7	7	19	\N	free
898	7	8	19	\N	free
899	7	9	19	\N	free
900	7	10	19	\N	free
901	7	11	19	\N	free
902	7	12	19	\N	free
903	7	13	19	\N	free
904	7	14	19	\N	free
905	7	15	19	\N	free
906	8	1	19	\N	free
907	8	2	19	\N	free
908	8	3	19	\N	free
909	8	4	19	\N	free
910	8	5	19	\N	free
911	8	6	19	\N	free
912	8	7	19	\N	free
913	8	8	19	\N	free
914	8	9	19	\N	free
915	8	10	19	\N	free
916	8	11	19	\N	free
917	8	12	19	\N	free
918	8	13	19	\N	free
919	8	14	19	\N	free
920	8	15	19	\N	free
921	9	1	19	\N	free
922	9	2	19	\N	free
923	9	3	19	\N	free
924	9	4	19	\N	free
925	9	5	19	\N	free
926	9	6	19	\N	free
927	9	7	19	\N	free
928	9	8	19	\N	free
929	9	9	19	\N	free
930	9	10	19	\N	free
931	9	11	19	\N	free
932	9	12	19	\N	free
933	9	13	19	\N	free
934	9	14	19	\N	free
935	9	15	19	\N	free
936	10	1	19	\N	free
937	10	2	19	\N	free
938	10	3	19	\N	free
939	10	4	19	\N	free
940	10	5	19	\N	free
941	10	6	19	\N	free
942	10	7	19	\N	free
943	10	8	19	\N	free
944	10	9	19	\N	free
945	10	10	19	\N	free
946	10	11	19	\N	free
947	10	12	19	\N	free
948	10	13	19	\N	free
949	10	14	19	\N	free
950	10	15	19	\N	free
951	1	1	20	\N	free
952	1	2	20	\N	free
953	1	3	20	\N	free
954	1	4	20	\N	free
955	1	5	20	\N	free
956	1	6	20	\N	free
957	1	7	20	\N	free
958	1	8	20	\N	free
959	1	9	20	\N	free
960	1	10	20	\N	free
961	2	1	20	\N	free
962	2	2	20	\N	free
963	2	3	20	\N	free
964	2	4	20	\N	free
965	2	5	20	\N	free
966	2	6	20	\N	free
967	2	7	20	\N	free
968	2	8	20	\N	free
969	2	9	20	\N	free
970	2	10	20	\N	free
971	3	1	20	\N	free
972	3	2	20	\N	free
973	3	3	20	\N	free
974	3	4	20	\N	free
975	3	5	20	\N	free
976	3	6	20	\N	free
977	3	7	20	\N	free
978	3	8	20	\N	free
979	3	9	20	\N	free
980	3	10	20	\N	free
981	4	1	20	\N	free
982	4	2	20	\N	free
983	4	3	20	\N	free
984	4	4	20	\N	free
985	4	5	20	\N	free
986	4	6	20	\N	free
987	4	7	20	\N	free
988	4	8	20	\N	free
989	4	9	20	\N	free
990	4	10	20	\N	free
991	5	1	20	\N	free
992	5	2	20	\N	free
993	5	3	20	\N	free
994	5	4	20	\N	free
995	5	5	20	\N	free
996	5	6	20	\N	free
997	5	7	20	\N	free
998	5	8	20	\N	free
999	5	9	20	\N	free
1000	5	10	20	\N	free
1001	6	1	20	\N	free
1002	6	2	20	\N	free
1003	6	3	20	\N	free
1004	6	4	20	\N	free
1005	6	5	20	\N	free
1006	6	6	20	\N	free
1007	6	7	20	\N	free
1008	6	8	20	\N	free
1009	6	9	20	\N	free
1010	6	10	20	\N	free
1011	7	1	20	\N	free
1012	7	2	20	\N	free
1013	7	3	20	\N	free
1014	7	4	20	\N	free
1015	7	5	20	\N	free
1016	7	6	20	\N	free
1017	7	7	20	\N	free
1018	7	8	20	\N	free
1019	7	9	20	\N	free
1020	7	10	20	\N	free
1021	8	1	20	\N	free
1022	8	2	20	\N	free
1023	8	3	20	\N	free
1024	8	4	20	\N	free
1025	8	5	20	\N	free
1026	8	6	20	\N	free
1027	8	7	20	\N	free
1028	8	8	20	\N	free
1029	8	9	20	\N	free
1030	8	10	20	\N	free
1031	9	1	20	\N	free
1032	9	2	20	\N	free
1033	9	3	20	\N	free
1034	9	4	20	\N	free
1035	9	5	20	\N	free
1036	9	6	20	\N	free
1037	9	7	20	\N	free
1038	9	8	20	\N	free
1039	9	9	20	\N	free
1040	9	10	20	\N	free
1041	10	1	20	\N	free
1042	10	2	20	\N	free
1043	10	3	20	\N	free
1044	10	4	20	\N	free
1045	10	5	20	\N	free
1046	10	6	20	\N	free
1047	10	7	20	\N	free
1048	10	8	20	\N	free
1049	10	9	20	\N	free
1050	10	10	20	\N	free
1051	1	1	21	\N	free
1052	1	2	21	\N	free
1053	1	3	21	\N	free
1054	1	4	21	\N	free
1055	1	5	21	\N	free
1056	1	6	21	\N	free
1057	1	7	21	\N	free
1058	1	8	21	\N	free
1059	1	9	21	\N	free
1060	1	10	21	\N	free
1061	2	1	21	\N	free
1062	2	2	21	\N	free
1063	2	3	21	\N	free
1064	2	4	21	\N	free
1065	2	5	21	\N	free
1066	2	6	21	\N	free
1067	2	7	21	\N	free
1068	2	8	21	\N	free
1069	2	9	21	\N	free
1070	2	10	21	\N	free
1071	3	1	21	\N	free
1072	3	2	21	\N	free
1073	3	3	21	\N	free
1074	3	4	21	\N	free
1075	3	5	21	\N	free
1076	3	6	21	\N	free
1077	3	7	21	\N	free
1078	3	8	21	\N	free
1079	3	9	21	\N	free
1080	3	10	21	\N	free
1081	4	1	21	\N	free
1082	4	2	21	\N	free
1083	4	3	21	\N	free
1084	4	4	21	\N	free
1085	4	5	21	\N	free
1086	4	6	21	\N	free
1087	4	7	21	\N	free
1088	4	8	21	\N	free
1089	4	9	21	\N	free
1090	4	10	21	\N	free
1091	5	1	21	\N	free
1092	5	2	21	\N	free
1093	5	3	21	\N	free
1094	5	4	21	\N	free
1095	5	5	21	\N	free
1096	5	6	21	\N	free
1097	5	7	21	\N	free
1098	5	8	21	\N	free
1099	5	9	21	\N	free
1100	5	10	21	\N	free
1101	6	1	21	\N	free
1102	6	2	21	\N	free
1103	6	3	21	\N	free
1104	6	4	21	\N	free
1105	6	5	21	\N	free
1106	6	6	21	\N	free
1107	6	7	21	\N	free
1108	6	8	21	\N	free
1109	6	9	21	\N	free
1110	6	10	21	\N	free
1111	7	1	21	\N	free
1112	7	2	21	\N	free
1113	7	3	21	\N	free
1114	7	4	21	\N	free
1115	7	5	21	\N	free
1116	7	6	21	\N	free
1117	7	7	21	\N	free
1118	7	8	21	\N	free
1119	7	9	21	\N	free
1120	7	10	21	\N	free
1121	8	1	21	\N	free
1122	8	2	21	\N	free
1123	8	3	21	\N	free
1124	8	4	21	\N	free
1125	8	5	21	\N	free
1126	8	6	21	\N	free
1127	8	7	21	\N	free
1128	8	8	21	\N	free
1129	8	9	21	\N	free
1130	8	10	21	\N	free
1131	9	1	21	\N	free
1132	9	2	21	\N	free
1133	9	3	21	\N	free
1134	9	4	21	\N	free
1135	9	5	21	\N	free
1136	9	6	21	\N	free
1137	9	7	21	\N	free
1138	9	8	21	\N	free
1139	9	9	21	\N	free
1140	9	10	21	\N	free
1141	10	1	21	\N	free
1142	10	2	21	\N	free
1143	10	3	21	\N	free
1144	10	4	21	\N	free
1145	10	5	21	\N	free
1146	10	6	21	\N	free
1147	10	7	21	\N	free
1148	10	8	21	\N	free
1149	10	9	21	\N	free
1150	10	10	21	\N	free
1151	1	1	22	\N	free
1152	1	2	22	\N	free
1153	1	3	22	\N	free
1154	1	4	22	\N	free
1155	1	5	22	\N	free
1156	1	6	22	\N	free
1157	1	7	22	\N	free
1158	1	8	22	\N	free
1159	1	9	22	\N	free
1160	1	10	22	\N	free
1161	2	1	22	\N	free
1162	2	2	22	\N	free
1163	2	3	22	\N	free
1164	2	4	22	\N	free
1165	2	5	22	\N	free
1166	2	6	22	\N	free
1167	2	7	22	\N	free
1168	2	8	22	\N	free
1169	2	9	22	\N	free
1170	2	10	22	\N	free
1171	3	1	22	\N	free
1172	3	2	22	\N	free
1173	3	3	22	\N	free
1174	3	4	22	\N	free
1175	3	5	22	\N	free
1176	3	6	22	\N	free
1177	3	7	22	\N	free
1178	3	8	22	\N	free
1179	3	9	22	\N	free
1180	3	10	22	\N	free
1181	4	1	22	\N	free
1182	4	2	22	\N	free
1183	4	3	22	\N	free
1184	4	4	22	\N	free
1185	4	5	22	\N	free
1186	4	6	22	\N	free
1187	4	7	22	\N	free
1188	4	8	22	\N	free
1189	4	9	22	\N	free
1190	4	10	22	\N	free
1191	5	1	22	\N	free
1192	5	2	22	\N	free
1193	5	3	22	\N	free
1194	5	4	22	\N	free
1195	5	5	22	\N	free
1196	5	6	22	\N	free
1197	5	7	22	\N	free
1198	5	8	22	\N	free
1199	5	9	22	\N	free
1200	5	10	22	\N	free
1201	6	1	22	\N	free
1202	6	2	22	\N	free
1203	6	3	22	\N	free
1204	6	4	22	\N	free
1205	6	5	22	\N	free
1206	6	6	22	\N	free
1207	6	7	22	\N	free
1208	6	8	22	\N	free
1209	6	9	22	\N	free
1210	6	10	22	\N	free
1211	7	1	22	\N	free
1212	7	2	22	\N	free
1213	7	3	22	\N	free
1214	7	4	22	\N	free
1215	7	5	22	\N	free
1216	7	6	22	\N	free
1217	7	7	22	\N	free
1218	7	8	22	\N	free
1219	7	9	22	\N	free
1220	7	10	22	\N	free
1221	8	1	22	\N	free
1222	8	2	22	\N	free
1223	8	3	22	\N	free
1224	8	4	22	\N	free
1225	8	5	22	\N	free
1226	8	6	22	\N	free
1227	8	7	22	\N	free
1228	8	8	22	\N	free
1229	8	9	22	\N	free
1230	8	10	22	\N	free
1231	9	1	22	\N	free
1232	9	2	22	\N	free
1233	9	3	22	\N	free
1234	9	4	22	\N	free
1235	9	5	22	\N	free
1236	9	6	22	\N	free
1237	9	7	22	\N	free
1238	9	8	22	\N	free
1239	9	9	22	\N	free
1240	9	10	22	\N	free
1241	10	1	22	\N	free
1242	10	2	22	\N	free
1243	10	3	22	\N	free
1244	10	4	22	\N	free
1245	10	5	22	\N	free
1246	10	6	22	\N	free
1247	10	7	22	\N	free
1248	10	8	22	\N	free
1249	10	9	22	\N	free
1250	10	10	22	\N	free
1251	1	1	23	\N	free
1252	1	2	23	\N	free
1253	1	3	23	\N	free
1254	1	4	23	\N	free
1255	1	5	23	\N	free
1256	1	6	23	\N	free
1257	1	7	23	\N	free
1258	1	8	23	\N	free
1259	1	9	23	\N	free
1260	1	10	23	\N	free
1261	2	1	23	\N	free
1262	2	2	23	\N	free
1263	2	3	23	\N	free
1264	2	4	23	\N	free
1265	2	5	23	\N	free
1266	2	6	23	\N	free
1267	2	7	23	\N	free
1268	2	8	23	\N	free
1269	2	9	23	\N	free
1270	2	10	23	\N	free
1271	3	1	23	\N	free
1272	3	2	23	\N	free
1273	3	3	23	\N	free
1274	3	4	23	\N	free
1275	3	5	23	\N	free
1276	3	6	23	\N	free
1277	3	7	23	\N	free
1278	3	8	23	\N	free
1279	3	9	23	\N	free
1280	3	10	23	\N	free
1281	4	1	23	\N	free
1282	4	2	23	\N	free
1283	4	3	23	\N	free
1284	4	4	23	\N	free
1285	4	5	23	\N	free
1286	4	6	23	\N	free
1287	4	7	23	\N	free
1288	4	8	23	\N	free
1289	4	9	23	\N	free
1290	4	10	23	\N	free
1291	5	1	23	\N	free
1292	5	2	23	\N	free
1293	5	3	23	\N	free
1294	5	4	23	\N	free
1295	5	5	23	\N	free
1296	5	6	23	\N	free
1297	5	7	23	\N	free
1298	5	8	23	\N	free
1299	5	9	23	\N	free
1300	5	10	23	\N	free
1301	6	1	23	\N	free
1302	6	2	23	\N	free
1303	6	3	23	\N	free
1304	6	4	23	\N	free
1305	6	5	23	\N	free
1306	6	6	23	\N	free
1307	6	7	23	\N	free
1308	6	8	23	\N	free
1309	6	9	23	\N	free
1310	6	10	23	\N	free
1311	7	1	23	\N	free
1312	7	2	23	\N	free
1313	7	3	23	\N	free
1314	7	4	23	\N	free
1315	7	5	23	\N	free
1316	7	6	23	\N	free
1317	7	7	23	\N	free
1318	7	8	23	\N	free
1319	7	9	23	\N	free
1320	7	10	23	\N	free
1321	8	1	23	\N	free
1322	8	2	23	\N	free
1323	8	3	23	\N	free
1324	8	4	23	\N	free
1325	8	5	23	\N	free
1326	8	6	23	\N	free
1327	8	7	23	\N	free
1328	8	8	23	\N	free
1329	8	9	23	\N	free
1330	8	10	23	\N	free
1331	9	1	23	\N	free
1332	9	2	23	\N	free
1333	9	3	23	\N	free
1334	9	4	23	\N	free
1335	9	5	23	\N	free
1336	9	6	23	\N	free
1337	9	7	23	\N	free
1338	9	8	23	\N	free
1339	9	9	23	\N	free
1340	9	10	23	\N	free
1341	10	1	23	\N	free
1342	10	2	23	\N	free
1343	10	3	23	\N	free
1344	10	4	23	\N	free
1345	10	5	23	\N	free
1346	10	6	23	\N	free
1347	10	7	23	\N	free
1348	10	8	23	\N	free
1349	10	9	23	\N	free
1350	10	10	23	\N	free
1351	1	1	24	\N	free
1352	1	2	24	\N	free
1353	1	3	24	\N	free
1354	1	4	24	\N	free
1355	1	5	24	\N	free
1356	1	6	24	\N	free
1357	1	7	24	\N	free
1358	1	8	24	\N	free
1359	1	9	24	\N	free
1360	1	10	24	\N	free
1361	1	11	24	\N	free
1362	1	12	24	\N	free
1363	1	13	24	\N	free
1364	1	14	24	\N	free
1365	1	15	24	\N	free
1366	1	16	24	\N	free
1367	1	17	24	\N	free
1368	1	18	24	\N	free
1369	1	19	24	\N	free
1370	1	20	24	\N	free
1371	1	21	24	\N	free
1372	1	22	24	\N	free
1373	1	23	24	\N	free
1374	1	24	24	\N	free
1375	1	25	24	\N	free
1376	1	26	24	\N	free
1377	1	27	24	\N	free
1378	1	28	24	\N	free
1379	1	29	24	\N	free
1380	1	30	24	\N	free
1381	1	31	24	\N	free
1382	1	32	24	\N	free
1383	1	33	24	\N	free
1384	1	34	24	\N	free
1385	1	35	24	\N	free
1386	1	36	24	\N	free
1387	1	37	24	\N	free
1388	1	38	24	\N	free
1389	1	39	24	\N	free
1390	1	40	24	\N	free
1391	1	41	24	\N	free
1392	1	42	24	\N	free
1393	1	43	24	\N	free
1394	1	44	24	\N	free
1395	2	1	24	\N	free
1396	2	2	24	\N	free
1397	2	3	24	\N	free
1398	2	4	24	\N	free
1399	2	5	24	\N	free
1400	2	6	24	\N	free
1401	2	7	24	\N	free
1402	2	8	24	\N	free
1403	2	9	24	\N	free
1404	2	10	24	\N	free
1405	2	11	24	\N	free
1406	2	12	24	\N	free
1407	2	13	24	\N	free
1408	2	14	24	\N	free
1409	2	15	24	\N	free
1410	2	16	24	\N	free
1411	2	17	24	\N	free
1412	2	18	24	\N	free
1413	2	19	24	\N	free
1414	2	20	24	\N	free
1415	2	21	24	\N	free
1416	2	22	24	\N	free
1417	2	23	24	\N	free
1418	2	24	24	\N	free
1419	2	25	24	\N	free
1420	2	26	24	\N	free
1421	2	27	24	\N	free
1422	2	28	24	\N	free
1423	2	29	24	\N	free
1424	2	30	24	\N	free
1425	2	31	24	\N	free
1426	2	32	24	\N	free
1427	2	33	24	\N	free
1428	2	34	24	\N	free
1429	2	35	24	\N	free
1430	2	36	24	\N	free
1431	2	37	24	\N	free
1432	2	38	24	\N	free
1433	2	39	24	\N	free
1434	2	40	24	\N	free
1435	2	41	24	\N	free
1436	2	42	24	\N	free
1437	2	43	24	\N	free
1438	2	44	24	\N	free
1439	3	1	24	\N	free
1440	3	2	24	\N	free
1441	3	3	24	\N	free
1442	3	4	24	\N	free
1443	3	5	24	\N	free
1444	3	6	24	\N	free
1445	3	7	24	\N	free
1446	3	8	24	\N	free
1447	3	9	24	\N	free
1448	3	10	24	\N	free
1449	3	11	24	\N	free
1450	3	12	24	\N	free
1451	3	13	24	\N	free
1452	3	14	24	\N	free
1453	3	15	24	\N	free
1454	3	16	24	\N	free
1455	3	17	24	\N	free
1456	3	18	24	\N	free
1457	3	19	24	\N	free
1458	3	20	24	\N	free
1459	3	21	24	\N	free
1460	3	22	24	\N	free
1461	3	23	24	\N	free
1462	3	24	24	\N	free
1463	3	25	24	\N	free
1464	3	26	24	\N	free
1465	3	27	24	\N	free
1466	3	28	24	\N	free
1467	3	29	24	\N	free
1468	3	30	24	\N	free
1469	3	31	24	\N	free
1470	3	32	24	\N	free
1471	3	33	24	\N	free
1472	3	34	24	\N	free
1473	3	35	24	\N	free
1474	3	36	24	\N	free
1475	3	37	24	\N	free
1476	3	38	24	\N	free
1477	3	39	24	\N	free
1478	3	40	24	\N	free
1479	3	41	24	\N	free
1480	3	42	24	\N	free
1481	3	43	24	\N	free
1482	3	44	24	\N	free
1483	4	1	24	\N	free
1484	4	2	24	\N	free
1485	4	3	24	\N	free
1486	4	4	24	\N	free
1487	4	5	24	\N	free
1488	4	6	24	\N	free
1489	4	7	24	\N	free
1490	4	8	24	\N	free
1491	4	9	24	\N	free
1492	4	10	24	\N	free
1493	4	11	24	\N	free
1494	4	12	24	\N	free
1495	4	13	24	\N	free
1496	4	14	24	\N	free
1497	4	15	24	\N	free
1498	4	16	24	\N	free
1499	4	17	24	\N	free
1500	4	18	24	\N	free
1501	4	19	24	\N	free
1502	4	20	24	\N	free
1503	4	21	24	\N	free
1504	4	22	24	\N	free
1505	4	23	24	\N	free
1506	4	24	24	\N	free
1507	4	25	24	\N	free
1508	4	26	24	\N	free
1509	4	27	24	\N	free
1510	4	28	24	\N	free
1511	4	29	24	\N	free
1512	4	30	24	\N	free
1513	4	31	24	\N	free
1514	4	32	24	\N	free
1515	4	33	24	\N	free
1516	4	34	24	\N	free
1517	4	35	24	\N	free
1518	4	36	24	\N	free
1519	4	37	24	\N	free
1520	4	38	24	\N	free
1521	4	39	24	\N	free
1522	4	40	24	\N	free
1523	4	41	24	\N	free
1524	4	42	24	\N	free
1525	4	43	24	\N	free
1526	4	44	24	\N	free
1527	5	1	24	\N	free
1528	5	2	24	\N	free
1529	5	3	24	\N	free
1530	5	4	24	\N	free
1531	5	5	24	\N	free
1532	5	6	24	\N	free
1533	5	7	24	\N	free
1534	5	8	24	\N	free
1535	5	9	24	\N	free
1536	5	10	24	\N	free
1537	5	11	24	\N	free
1538	5	12	24	\N	free
1539	5	13	24	\N	free
1540	5	14	24	\N	free
1541	5	15	24	\N	free
1542	5	16	24	\N	free
1543	5	17	24	\N	free
1544	5	18	24	\N	free
1545	5	19	24	\N	free
1546	5	20	24	\N	free
1547	5	21	24	\N	free
1548	5	22	24	\N	free
1549	5	23	24	\N	free
1550	5	24	24	\N	free
1551	5	25	24	\N	free
1552	5	26	24	\N	free
1553	5	27	24	\N	free
1554	5	28	24	\N	free
1555	5	29	24	\N	free
1556	5	30	24	\N	free
1557	5	31	24	\N	free
1558	5	32	24	\N	free
1559	5	33	24	\N	free
1560	5	34	24	\N	free
1561	5	35	24	\N	free
1562	5	36	24	\N	free
1563	5	37	24	\N	free
1564	5	38	24	\N	free
1565	5	39	24	\N	free
1566	5	40	24	\N	free
1567	5	41	24	\N	free
1568	5	42	24	\N	free
1569	5	43	24	\N	free
1570	5	44	24	\N	free
1571	6	1	24	\N	free
1572	6	2	24	\N	free
1573	6	3	24	\N	free
1574	6	4	24	\N	free
1575	6	5	24	\N	free
1576	6	6	24	\N	free
1577	6	7	24	\N	free
1578	6	8	24	\N	free
1579	6	9	24	\N	free
1580	6	10	24	\N	free
1581	6	11	24	\N	free
1582	6	12	24	\N	free
1583	6	13	24	\N	free
1584	6	14	24	\N	free
1585	6	15	24	\N	free
1586	6	16	24	\N	free
1587	6	17	24	\N	free
1588	6	18	24	\N	free
1589	6	19	24	\N	free
1590	6	20	24	\N	free
1591	6	21	24	\N	free
1592	6	22	24	\N	free
1593	6	23	24	\N	free
1594	6	24	24	\N	free
1595	6	25	24	\N	free
1596	6	26	24	\N	free
1597	6	27	24	\N	free
1598	6	28	24	\N	free
1599	6	29	24	\N	free
1600	6	30	24	\N	free
1601	6	31	24	\N	free
1602	6	32	24	\N	free
1603	6	33	24	\N	free
1604	6	34	24	\N	free
1605	6	35	24	\N	free
1606	6	36	24	\N	free
1607	6	37	24	\N	free
1608	6	38	24	\N	free
1609	6	39	24	\N	free
1610	6	40	24	\N	free
1611	6	41	24	\N	free
1612	6	42	24	\N	free
1613	6	43	24	\N	free
1614	6	44	24	\N	free
1615	7	1	24	\N	free
1616	7	2	24	\N	free
1617	7	3	24	\N	free
1618	7	4	24	\N	free
1619	7	5	24	\N	free
1620	7	6	24	\N	free
1621	7	7	24	\N	free
1622	7	8	24	\N	free
1623	7	9	24	\N	free
1624	7	10	24	\N	free
1625	7	11	24	\N	free
1626	7	12	24	\N	free
1627	7	13	24	\N	free
1628	7	14	24	\N	free
1629	7	15	24	\N	free
1630	7	16	24	\N	free
1631	7	17	24	\N	free
1632	7	18	24	\N	free
1633	7	19	24	\N	free
1634	7	20	24	\N	free
1635	7	21	24	\N	free
1636	7	22	24	\N	free
1637	7	23	24	\N	free
1638	7	24	24	\N	free
1639	7	25	24	\N	free
1640	7	26	24	\N	free
1641	7	27	24	\N	free
1642	7	28	24	\N	free
1643	7	29	24	\N	free
1644	7	30	24	\N	free
1645	7	31	24	\N	free
1646	7	32	24	\N	free
1647	7	33	24	\N	free
1648	7	34	24	\N	free
1649	7	35	24	\N	free
1650	7	36	24	\N	free
1651	7	37	24	\N	free
1652	7	38	24	\N	free
1653	7	39	24	\N	free
1654	7	40	24	\N	free
1655	7	41	24	\N	free
1656	7	42	24	\N	free
1657	7	43	24	\N	free
1658	7	44	24	\N	free
1659	8	1	24	\N	free
1660	8	2	24	\N	free
1661	8	3	24	\N	free
1662	8	4	24	\N	free
1663	8	5	24	\N	free
1664	8	6	24	\N	free
1665	8	7	24	\N	free
1666	8	8	24	\N	free
1667	8	9	24	\N	free
1668	8	10	24	\N	free
1669	8	11	24	\N	free
1670	8	12	24	\N	free
1671	8	13	24	\N	free
1672	8	14	24	\N	free
1673	8	15	24	\N	free
1674	8	16	24	\N	free
1675	8	17	24	\N	free
1676	8	18	24	\N	free
1677	8	19	24	\N	free
1678	8	20	24	\N	free
1679	8	21	24	\N	free
1680	8	22	24	\N	free
1681	8	23	24	\N	free
1682	8	24	24	\N	free
1683	8	25	24	\N	free
1684	8	26	24	\N	free
1685	8	27	24	\N	free
1686	8	28	24	\N	free
1687	8	29	24	\N	free
1688	8	30	24	\N	free
1689	8	31	24	\N	free
1690	8	32	24	\N	free
1691	8	33	24	\N	free
1692	8	34	24	\N	free
1693	8	35	24	\N	free
1694	8	36	24	\N	free
1695	8	37	24	\N	free
1696	8	38	24	\N	free
1697	8	39	24	\N	free
1698	8	40	24	\N	free
1699	8	41	24	\N	free
1700	8	42	24	\N	free
1701	8	43	24	\N	free
1702	8	44	24	\N	free
1703	9	1	24	\N	free
1704	9	2	24	\N	free
1705	9	3	24	\N	free
1706	9	4	24	\N	free
1707	9	5	24	\N	free
1708	9	6	24	\N	free
1709	9	7	24	\N	free
1710	9	8	24	\N	free
1711	9	9	24	\N	free
1712	9	10	24	\N	free
1713	9	11	24	\N	free
1714	9	12	24	\N	free
1715	9	13	24	\N	free
1716	9	14	24	\N	free
1717	9	15	24	\N	free
1718	9	16	24	\N	free
1719	9	17	24	\N	free
1720	9	18	24	\N	free
1721	9	19	24	\N	free
1722	9	20	24	\N	free
1723	9	21	24	\N	free
1724	9	22	24	\N	free
1725	9	23	24	\N	free
1726	9	24	24	\N	free
1727	9	25	24	\N	free
1728	9	26	24	\N	free
1729	9	27	24	\N	free
1730	9	28	24	\N	free
1731	9	29	24	\N	free
1732	9	30	24	\N	free
1733	9	31	24	\N	free
1734	9	32	24	\N	free
1735	9	33	24	\N	free
1736	9	34	24	\N	free
1737	9	35	24	\N	free
1738	9	36	24	\N	free
1739	9	37	24	\N	free
1740	9	38	24	\N	free
1741	9	39	24	\N	free
1742	9	40	24	\N	free
1743	9	41	24	\N	free
1744	9	42	24	\N	free
1745	9	43	24	\N	free
1746	9	44	24	\N	free
1747	10	1	24	\N	free
1748	10	2	24	\N	free
1749	10	3	24	\N	free
1750	10	4	24	\N	free
1751	10	5	24	\N	free
1752	10	6	24	\N	free
1753	10	7	24	\N	free
1754	10	8	24	\N	free
1755	10	9	24	\N	free
1756	10	10	24	\N	free
1757	10	11	24	\N	free
1758	10	12	24	\N	free
1759	10	13	24	\N	free
1760	10	14	24	\N	free
1761	10	15	24	\N	free
1762	10	16	24	\N	free
1763	10	17	24	\N	free
1764	10	18	24	\N	free
1765	10	19	24	\N	free
1766	10	20	24	\N	free
1767	10	21	24	\N	free
1768	10	22	24	\N	free
1769	10	23	24	\N	free
1770	10	24	24	\N	free
1771	10	25	24	\N	free
1772	10	26	24	\N	free
1773	10	27	24	\N	free
1774	10	28	24	\N	free
1775	10	29	24	\N	free
1776	10	30	24	\N	free
1777	10	31	24	\N	free
1778	10	32	24	\N	free
1779	10	33	24	\N	free
1780	10	34	24	\N	free
1781	10	35	24	\N	free
1782	10	36	24	\N	free
1783	10	37	24	\N	free
1784	10	38	24	\N	free
1785	10	39	24	\N	free
1786	10	40	24	\N	free
1787	10	41	24	\N	free
1788	10	42	24	\N	free
1789	10	43	24	\N	free
1790	10	44	24	\N	free
1791	11	1	24	\N	free
1792	11	2	24	\N	free
1793	11	3	24	\N	free
1794	11	4	24	\N	free
1795	11	5	24	\N	free
1796	11	6	24	\N	free
1797	11	7	24	\N	free
1798	11	8	24	\N	free
1799	11	9	24	\N	free
1800	11	10	24	\N	free
1801	11	11	24	\N	free
1802	11	12	24	\N	free
1803	11	13	24	\N	free
1804	11	14	24	\N	free
1805	11	15	24	\N	free
1806	11	16	24	\N	free
1807	11	17	24	\N	free
1808	11	18	24	\N	free
1809	11	19	24	\N	free
1810	11	20	24	\N	free
1811	11	21	24	\N	free
1812	11	22	24	\N	free
1813	11	23	24	\N	free
1814	11	24	24	\N	free
1815	11	25	24	\N	free
1816	11	26	24	\N	free
1817	11	27	24	\N	free
1818	11	28	24	\N	free
1819	11	29	24	\N	free
1820	11	30	24	\N	free
1821	11	31	24	\N	free
1822	11	32	24	\N	free
1823	11	33	24	\N	free
1824	11	34	24	\N	free
1825	11	35	24	\N	free
1826	11	36	24	\N	free
1827	11	37	24	\N	free
1828	11	38	24	\N	free
1829	11	39	24	\N	free
1830	11	40	24	\N	free
1831	11	41	24	\N	free
1832	11	42	24	\N	free
1833	11	43	24	\N	free
1834	11	44	24	\N	free
1835	12	1	24	\N	free
1836	12	2	24	\N	free
1837	12	3	24	\N	free
1838	12	4	24	\N	free
1839	12	5	24	\N	free
1840	12	6	24	\N	free
1841	12	7	24	\N	free
1842	12	8	24	\N	free
1843	12	9	24	\N	free
1844	12	10	24	\N	free
1845	12	11	24	\N	free
1846	12	12	24	\N	free
1847	12	13	24	\N	free
1848	12	14	24	\N	free
1849	12	15	24	\N	free
1850	12	16	24	\N	free
1851	12	17	24	\N	free
1852	12	18	24	\N	free
1853	12	19	24	\N	free
1854	12	20	24	\N	free
1855	12	21	24	\N	free
1856	12	22	24	\N	free
1857	12	23	24	\N	free
1858	12	24	24	\N	free
1859	12	25	24	\N	free
1860	12	26	24	\N	free
1861	12	27	24	\N	free
1862	12	28	24	\N	free
1863	12	29	24	\N	free
1864	12	30	24	\N	free
1865	12	31	24	\N	free
1866	12	32	24	\N	free
1867	12	33	24	\N	free
1868	12	34	24	\N	free
1869	12	35	24	\N	free
1870	12	36	24	\N	free
1871	12	37	24	\N	free
1872	12	38	24	\N	free
1873	12	39	24	\N	free
1874	12	40	24	\N	free
1875	12	41	24	\N	free
1876	12	42	24	\N	free
1877	12	43	24	\N	free
1878	12	44	24	\N	free
1879	13	1	24	\N	free
1880	13	2	24	\N	free
1881	13	3	24	\N	free
1882	13	4	24	\N	free
1883	13	5	24	\N	free
1884	13	6	24	\N	free
1885	13	7	24	\N	free
1886	13	8	24	\N	free
1887	13	9	24	\N	free
1888	13	10	24	\N	free
1889	13	11	24	\N	free
1890	13	12	24	\N	free
1891	13	13	24	\N	free
1892	13	14	24	\N	free
1893	13	15	24	\N	free
1894	13	16	24	\N	free
1895	13	17	24	\N	free
1896	13	18	24	\N	free
1897	13	19	24	\N	free
1898	13	20	24	\N	free
1899	13	21	24	\N	free
1900	13	22	24	\N	free
1901	13	23	24	\N	free
1902	13	24	24	\N	free
1903	13	25	24	\N	free
1904	13	26	24	\N	free
1905	13	27	24	\N	free
1906	13	28	24	\N	free
1907	13	29	24	\N	free
1908	13	30	24	\N	free
1909	13	31	24	\N	free
1910	13	32	24	\N	free
1911	13	33	24	\N	free
1912	13	34	24	\N	free
1913	13	35	24	\N	free
1914	13	36	24	\N	free
1915	13	37	24	\N	free
1916	13	38	24	\N	free
1917	13	39	24	\N	free
1918	13	40	24	\N	free
1919	13	41	24	\N	free
1920	13	42	24	\N	free
1921	13	43	24	\N	free
1922	13	44	24	\N	free
1923	14	1	24	\N	free
1924	14	2	24	\N	free
1925	14	3	24	\N	free
1926	14	4	24	\N	free
1927	14	5	24	\N	free
1928	14	6	24	\N	free
1929	14	7	24	\N	free
1930	14	8	24	\N	free
1931	14	9	24	\N	free
1932	14	10	24	\N	free
1933	14	11	24	\N	free
1934	14	12	24	\N	free
1935	14	13	24	\N	free
1936	14	14	24	\N	free
1937	14	15	24	\N	free
1938	14	16	24	\N	free
1939	14	17	24	\N	free
1940	14	18	24	\N	free
1941	14	19	24	\N	free
1942	14	20	24	\N	free
1943	14	21	24	\N	free
1944	14	22	24	\N	free
1945	14	23	24	\N	free
1946	14	24	24	\N	free
1947	14	25	24	\N	free
1948	14	26	24	\N	free
1949	14	27	24	\N	free
1950	14	28	24	\N	free
1951	14	29	24	\N	free
1952	14	30	24	\N	free
1953	14	31	24	\N	free
1954	14	32	24	\N	free
1955	14	33	24	\N	free
1956	14	34	24	\N	free
1957	14	35	24	\N	free
1958	14	36	24	\N	free
1959	14	37	24	\N	free
1960	14	38	24	\N	free
1961	14	39	24	\N	free
1962	14	40	24	\N	free
1963	14	41	24	\N	free
1964	14	42	24	\N	free
1965	14	43	24	\N	free
1966	14	44	24	\N	free
1967	15	1	24	\N	free
1968	15	2	24	\N	free
1969	15	3	24	\N	free
1970	15	4	24	\N	free
1971	15	5	24	\N	free
1972	15	6	24	\N	free
1973	15	7	24	\N	free
1974	15	8	24	\N	free
1975	15	9	24	\N	free
1976	15	10	24	\N	free
1977	15	11	24	\N	free
1978	15	12	24	\N	free
1979	15	13	24	\N	free
1980	15	14	24	\N	free
1981	15	15	24	\N	free
1982	15	16	24	\N	free
1983	15	17	24	\N	free
1984	15	18	24	\N	free
1985	15	19	24	\N	free
1986	15	20	24	\N	free
1987	15	21	24	\N	free
1988	15	22	24	\N	free
1989	15	23	24	\N	free
1990	15	24	24	\N	free
1991	15	25	24	\N	free
1992	15	26	24	\N	free
1993	15	27	24	\N	free
1994	15	28	24	\N	free
1995	15	29	24	\N	free
1996	15	30	24	\N	free
1997	15	31	24	\N	free
1998	15	32	24	\N	free
1999	15	33	24	\N	free
2000	15	34	24	\N	free
2001	15	35	24	\N	free
2002	15	36	24	\N	free
2003	15	37	24	\N	free
2004	15	38	24	\N	free
2005	15	39	24	\N	free
2006	15	40	24	\N	free
2007	15	41	24	\N	free
2008	15	42	24	\N	free
2009	15	43	24	\N	free
2010	15	44	24	\N	free
2011	16	1	24	\N	free
2012	16	2	24	\N	free
2013	16	3	24	\N	free
2014	16	4	24	\N	free
2015	16	5	24	\N	free
2016	16	6	24	\N	free
2017	16	7	24	\N	free
2018	16	8	24	\N	free
2019	16	9	24	\N	free
2020	16	10	24	\N	free
2021	16	11	24	\N	free
2022	16	12	24	\N	free
2023	16	13	24	\N	free
2024	16	14	24	\N	free
2025	16	15	24	\N	free
2026	16	16	24	\N	free
2027	16	17	24	\N	free
2028	16	18	24	\N	free
2029	16	19	24	\N	free
2030	16	20	24	\N	free
2031	16	21	24	\N	free
2032	16	22	24	\N	free
2033	16	23	24	\N	free
2034	16	24	24	\N	free
2035	16	25	24	\N	free
2036	16	26	24	\N	free
2037	16	27	24	\N	free
2038	16	28	24	\N	free
2039	16	29	24	\N	free
2040	16	30	24	\N	free
2041	16	31	24	\N	free
2042	16	32	24	\N	free
2043	16	33	24	\N	free
2044	16	34	24	\N	free
2045	16	35	24	\N	free
2046	16	36	24	\N	free
2047	16	37	24	\N	free
2048	16	38	24	\N	free
2049	16	39	24	\N	free
2050	16	40	24	\N	free
2051	16	41	24	\N	free
2052	16	42	24	\N	free
2053	16	43	24	\N	free
2054	16	44	24	\N	free
2055	17	1	24	\N	free
2056	17	2	24	\N	free
2057	17	3	24	\N	free
2058	17	4	24	\N	free
2059	17	5	24	\N	free
2060	17	6	24	\N	free
2061	17	7	24	\N	free
2062	17	8	24	\N	free
2063	17	9	24	\N	free
2064	17	10	24	\N	free
2065	17	11	24	\N	free
2066	17	12	24	\N	free
2067	17	13	24	\N	free
2068	17	14	24	\N	free
2069	17	15	24	\N	free
2070	17	16	24	\N	free
2071	17	17	24	\N	free
2072	17	18	24	\N	free
2073	17	19	24	\N	free
2074	17	20	24	\N	free
2075	17	21	24	\N	free
2076	17	22	24	\N	free
2077	17	23	24	\N	free
2078	17	24	24	\N	free
2079	17	25	24	\N	free
2080	17	26	24	\N	free
2081	17	27	24	\N	free
2082	17	28	24	\N	free
2083	17	29	24	\N	free
2084	17	30	24	\N	free
2085	17	31	24	\N	free
2086	17	32	24	\N	free
2087	17	33	24	\N	free
2088	17	34	24	\N	free
2089	17	35	24	\N	free
2090	17	36	24	\N	free
2091	17	37	24	\N	free
2092	17	38	24	\N	free
2093	17	39	24	\N	free
2094	17	40	24	\N	free
2095	17	41	24	\N	free
2096	17	42	24	\N	free
2097	17	43	24	\N	free
2098	17	44	24	\N	free
2099	18	1	24	\N	free
2100	18	2	24	\N	free
2101	18	3	24	\N	free
2102	18	4	24	\N	free
2103	18	5	24	\N	free
2104	18	6	24	\N	free
2105	18	7	24	\N	free
2106	18	8	24	\N	free
2107	18	9	24	\N	free
2108	18	10	24	\N	free
2109	18	11	24	\N	free
2110	18	12	24	\N	free
2111	18	13	24	\N	free
2112	18	14	24	\N	free
2113	18	15	24	\N	free
2114	18	16	24	\N	free
2115	18	17	24	\N	free
2116	18	18	24	\N	free
2117	18	19	24	\N	free
2118	18	20	24	\N	free
2119	18	21	24	\N	free
2120	18	22	24	\N	free
2121	18	23	24	\N	free
2122	18	24	24	\N	free
2123	18	25	24	\N	free
2124	18	26	24	\N	free
2125	18	27	24	\N	free
2126	18	28	24	\N	free
2127	18	29	24	\N	free
2128	18	30	24	\N	free
2129	18	31	24	\N	free
2130	18	32	24	\N	free
2131	18	33	24	\N	free
2132	18	34	24	\N	free
2133	18	35	24	\N	free
2134	18	36	24	\N	free
2135	18	37	24	\N	free
2136	18	38	24	\N	free
2137	18	39	24	\N	free
2138	18	40	24	\N	free
2139	18	41	24	\N	free
2140	18	42	24	\N	free
2141	18	43	24	\N	free
2142	18	44	24	\N	free
2143	19	1	24	\N	free
2144	19	2	24	\N	free
2145	19	3	24	\N	free
2146	19	4	24	\N	free
2147	19	5	24	\N	free
2148	19	6	24	\N	free
2149	19	7	24	\N	free
2150	19	8	24	\N	free
2151	19	9	24	\N	free
2152	19	10	24	\N	free
2153	19	11	24	\N	free
2154	19	12	24	\N	free
2155	19	13	24	\N	free
2156	19	14	24	\N	free
2157	19	15	24	\N	free
2158	19	16	24	\N	free
2159	19	17	24	\N	free
2160	19	18	24	\N	free
2161	19	19	24	\N	free
2162	19	20	24	\N	free
2163	19	21	24	\N	free
2164	19	22	24	\N	free
2165	19	23	24	\N	free
2166	19	24	24	\N	free
2167	19	25	24	\N	free
2168	19	26	24	\N	free
2169	19	27	24	\N	free
2170	19	28	24	\N	free
2171	19	29	24	\N	free
2172	19	30	24	\N	free
2173	19	31	24	\N	free
2174	19	32	24	\N	free
2175	19	33	24	\N	free
2176	19	34	24	\N	free
2177	19	35	24	\N	free
2178	19	36	24	\N	free
2179	19	37	24	\N	free
2180	19	38	24	\N	free
2181	19	39	24	\N	free
2182	19	40	24	\N	free
2183	19	41	24	\N	free
2184	19	42	24	\N	free
2185	19	43	24	\N	free
2186	19	44	24	\N	free
2187	20	1	24	\N	free
2188	20	2	24	\N	free
2189	20	3	24	\N	free
2190	20	4	24	\N	free
2191	20	5	24	\N	free
2192	20	6	24	\N	free
2193	20	7	24	\N	free
2194	20	8	24	\N	free
2195	20	9	24	\N	free
2196	20	10	24	\N	free
2197	20	11	24	\N	free
2198	20	12	24	\N	free
2199	20	13	24	\N	free
2200	20	14	24	\N	free
2201	20	15	24	\N	free
2202	20	16	24	\N	free
2203	20	17	24	\N	free
2204	20	18	24	\N	free
2205	20	19	24	\N	free
2206	20	20	24	\N	free
2207	20	21	24	\N	free
2208	20	22	24	\N	free
2209	20	23	24	\N	free
2210	20	24	24	\N	free
2211	20	25	24	\N	free
2212	20	26	24	\N	free
2213	20	27	24	\N	free
2214	20	28	24	\N	free
2215	20	29	24	\N	free
2216	20	30	24	\N	free
2217	20	31	24	\N	free
2218	20	32	24	\N	free
2219	20	33	24	\N	free
2220	20	34	24	\N	free
2221	20	35	24	\N	free
2222	20	36	24	\N	free
2223	20	37	24	\N	free
2224	20	38	24	\N	free
2225	20	39	24	\N	free
2226	20	40	24	\N	free
2227	20	41	24	\N	free
2228	20	42	24	\N	free
2229	20	43	24	\N	free
2230	20	44	24	\N	free
2231	21	1	24	\N	free
2232	21	2	24	\N	free
2233	21	3	24	\N	free
2234	21	4	24	\N	free
2235	21	5	24	\N	free
2236	21	6	24	\N	free
2237	21	7	24	\N	free
2238	21	8	24	\N	free
2239	21	9	24	\N	free
2240	21	10	24	\N	free
2241	21	11	24	\N	free
2242	21	12	24	\N	free
2243	21	13	24	\N	free
2244	21	14	24	\N	free
2245	21	15	24	\N	free
2246	21	16	24	\N	free
2247	21	17	24	\N	free
2248	21	18	24	\N	free
2249	21	19	24	\N	free
2250	21	20	24	\N	free
2251	21	21	24	\N	free
2252	21	22	24	\N	free
2253	21	23	24	\N	free
2254	21	24	24	\N	free
2255	21	25	24	\N	free
2256	21	26	24	\N	free
2257	21	27	24	\N	free
2258	21	28	24	\N	free
2259	21	29	24	\N	free
2260	21	30	24	\N	free
2261	21	31	24	\N	free
2262	21	32	24	\N	free
2263	21	33	24	\N	free
2264	21	34	24	\N	free
2265	21	35	24	\N	free
2266	21	36	24	\N	free
2267	21	37	24	\N	free
2268	21	38	24	\N	free
2269	21	39	24	\N	free
2270	21	40	24	\N	free
2271	21	41	24	\N	free
2272	21	42	24	\N	free
2273	21	43	24	\N	free
2274	21	44	24	\N	free
2275	22	1	24	\N	free
2276	22	2	24	\N	free
2277	22	3	24	\N	free
2278	22	4	24	\N	free
2279	22	5	24	\N	free
2280	22	6	24	\N	free
2281	22	7	24	\N	free
2282	22	8	24	\N	free
2283	22	9	24	\N	free
2284	22	10	24	\N	free
2285	22	11	24	\N	free
2286	22	12	24	\N	free
2287	22	13	24	\N	free
2288	22	14	24	\N	free
2289	22	15	24	\N	free
2290	22	16	24	\N	free
2291	22	17	24	\N	free
2292	22	18	24	\N	free
2293	22	19	24	\N	free
2294	22	20	24	\N	free
2295	22	21	24	\N	free
2296	22	22	24	\N	free
2297	22	23	24	\N	free
2298	22	24	24	\N	free
2299	22	25	24	\N	free
2300	22	26	24	\N	free
2301	22	27	24	\N	free
2302	22	28	24	\N	free
2303	22	29	24	\N	free
2304	22	30	24	\N	free
2305	22	31	24	\N	free
2306	22	32	24	\N	free
2307	22	33	24	\N	free
2308	22	34	24	\N	free
2309	22	35	24	\N	free
2310	22	36	24	\N	free
2311	22	37	24	\N	free
2312	22	38	24	\N	free
2313	22	39	24	\N	free
2314	22	40	24	\N	free
2315	22	41	24	\N	free
2316	22	42	24	\N	free
2317	22	43	24	\N	free
2318	22	44	24	\N	free
2319	23	1	24	\N	free
2320	23	2	24	\N	free
2321	23	3	24	\N	free
2322	23	4	24	\N	free
2323	23	5	24	\N	free
2324	23	6	24	\N	free
2325	23	7	24	\N	free
2326	23	8	24	\N	free
2327	23	9	24	\N	free
2328	23	10	24	\N	free
2329	23	11	24	\N	free
2330	23	12	24	\N	free
2331	23	13	24	\N	free
2332	23	14	24	\N	free
2333	23	15	24	\N	free
2334	23	16	24	\N	free
2335	23	17	24	\N	free
2336	23	18	24	\N	free
2337	23	19	24	\N	free
2338	23	20	24	\N	free
2339	23	21	24	\N	free
2340	23	22	24	\N	free
2341	23	23	24	\N	free
2342	23	24	24	\N	free
2343	23	25	24	\N	free
2344	23	26	24	\N	free
2345	23	27	24	\N	free
2346	23	28	24	\N	free
2347	23	29	24	\N	free
2348	23	30	24	\N	free
2349	23	31	24	\N	free
2350	23	32	24	\N	free
2351	23	33	24	\N	free
2352	23	34	24	\N	free
2353	23	35	24	\N	free
2354	23	36	24	\N	free
2355	23	37	24	\N	free
2356	23	38	24	\N	free
2357	23	39	24	\N	free
2358	23	40	24	\N	free
2359	23	41	24	\N	free
2360	23	42	24	\N	free
2361	23	43	24	\N	free
2362	23	44	24	\N	free
2363	24	1	24	\N	free
2364	24	2	24	\N	free
2365	24	3	24	\N	free
2366	24	4	24	\N	free
2367	24	5	24	\N	free
2368	24	6	24	\N	free
2369	24	7	24	\N	free
2370	24	8	24	\N	free
2371	24	9	24	\N	free
2372	24	10	24	\N	free
2373	24	11	24	\N	free
2374	24	12	24	\N	free
2375	24	13	24	\N	free
2376	24	14	24	\N	free
2377	24	15	24	\N	free
2378	24	16	24	\N	free
2379	24	17	24	\N	free
2380	24	18	24	\N	free
2381	24	19	24	\N	free
2382	24	20	24	\N	free
2383	24	21	24	\N	free
2384	24	22	24	\N	free
2385	24	23	24	\N	free
2386	24	24	24	\N	free
2387	24	25	24	\N	free
2388	24	26	24	\N	free
2389	24	27	24	\N	free
2390	24	28	24	\N	free
2391	24	29	24	\N	free
2392	24	30	24	\N	free
2393	24	31	24	\N	free
2394	24	32	24	\N	free
2395	24	33	24	\N	free
2396	24	34	24	\N	free
2397	24	35	24	\N	free
2398	24	36	24	\N	free
2399	24	37	24	\N	free
2400	24	38	24	\N	free
2401	24	39	24	\N	free
2402	24	40	24	\N	free
2403	24	41	24	\N	free
2404	24	42	24	\N	free
2405	24	43	24	\N	free
2406	24	44	24	\N	free
2407	25	1	24	\N	free
2408	25	2	24	\N	free
2409	25	3	24	\N	free
2410	25	4	24	\N	free
2411	25	5	24	\N	free
2412	25	6	24	\N	free
2413	25	7	24	\N	free
2414	25	8	24	\N	free
2415	25	9	24	\N	free
2416	25	10	24	\N	free
2417	25	11	24	\N	free
2418	25	12	24	\N	free
2419	25	13	24	\N	free
2420	25	14	24	\N	free
2421	25	15	24	\N	free
2422	25	16	24	\N	free
2423	25	17	24	\N	free
2424	25	18	24	\N	free
2425	25	19	24	\N	free
2426	25	20	24	\N	free
2427	25	21	24	\N	free
2428	25	22	24	\N	free
2429	25	23	24	\N	free
2430	25	24	24	\N	free
2431	25	25	24	\N	free
2432	25	26	24	\N	free
2433	25	27	24	\N	free
2434	25	28	24	\N	free
2435	25	29	24	\N	free
2436	25	30	24	\N	free
2437	25	31	24	\N	free
2438	25	32	24	\N	free
2439	25	33	24	\N	free
2440	25	34	24	\N	free
2441	25	35	24	\N	free
2442	25	36	24	\N	free
2443	25	37	24	\N	free
2444	25	38	24	\N	free
2445	25	39	24	\N	free
2446	25	40	24	\N	free
2447	25	41	24	\N	free
2448	25	42	24	\N	free
2449	25	43	24	\N	free
2450	25	44	24	\N	free
2451	26	1	24	\N	free
2452	26	2	24	\N	free
2453	26	3	24	\N	free
2454	26	4	24	\N	free
2455	26	5	24	\N	free
2456	26	6	24	\N	free
2457	26	7	24	\N	free
2458	26	8	24	\N	free
2459	26	9	24	\N	free
2460	26	10	24	\N	free
2461	26	11	24	\N	free
2462	26	12	24	\N	free
2463	26	13	24	\N	free
2464	26	14	24	\N	free
2465	26	15	24	\N	free
2466	26	16	24	\N	free
2467	26	17	24	\N	free
2468	26	18	24	\N	free
2469	26	19	24	\N	free
2470	26	20	24	\N	free
2471	26	21	24	\N	free
2472	26	22	24	\N	free
2473	26	23	24	\N	free
2474	26	24	24	\N	free
2475	26	25	24	\N	free
2476	26	26	24	\N	free
2477	26	27	24	\N	free
2478	26	28	24	\N	free
2479	26	29	24	\N	free
2480	26	30	24	\N	free
2481	26	31	24	\N	free
2482	26	32	24	\N	free
2483	26	33	24	\N	free
2484	26	34	24	\N	free
2485	26	35	24	\N	free
2486	26	36	24	\N	free
2487	26	37	24	\N	free
2488	26	38	24	\N	free
2489	26	39	24	\N	free
2490	26	40	24	\N	free
2491	26	41	24	\N	free
2492	26	42	24	\N	free
2493	26	43	24	\N	free
2494	26	44	24	\N	free
2495	27	1	24	\N	free
2496	27	2	24	\N	free
2497	27	3	24	\N	free
2498	27	4	24	\N	free
2499	27	5	24	\N	free
2500	27	6	24	\N	free
2501	27	7	24	\N	free
2502	27	8	24	\N	free
2503	27	9	24	\N	free
2504	27	10	24	\N	free
2505	27	11	24	\N	free
2506	27	12	24	\N	free
2507	27	13	24	\N	free
2508	27	14	24	\N	free
2509	27	15	24	\N	free
2510	27	16	24	\N	free
2511	27	17	24	\N	free
2512	27	18	24	\N	free
2513	27	19	24	\N	free
2514	27	20	24	\N	free
2515	27	21	24	\N	free
2516	27	22	24	\N	free
2517	27	23	24	\N	free
2518	27	24	24	\N	free
2519	27	25	24	\N	free
2520	27	26	24	\N	free
2521	27	27	24	\N	free
2522	27	28	24	\N	free
2523	27	29	24	\N	free
2524	27	30	24	\N	free
2525	27	31	24	\N	free
2526	27	32	24	\N	free
2527	27	33	24	\N	free
2528	27	34	24	\N	free
2529	27	35	24	\N	free
2530	27	36	24	\N	free
2531	27	37	24	\N	free
2532	27	38	24	\N	free
2533	27	39	24	\N	free
2534	27	40	24	\N	free
2535	27	41	24	\N	free
2536	27	42	24	\N	free
2537	27	43	24	\N	free
2538	27	44	24	\N	free
2539	28	1	24	\N	free
2540	28	2	24	\N	free
2541	28	3	24	\N	free
2542	28	4	24	\N	free
2543	28	5	24	\N	free
2544	28	6	24	\N	free
2545	28	7	24	\N	free
2546	28	8	24	\N	free
2547	28	9	24	\N	free
2548	28	10	24	\N	free
2549	28	11	24	\N	free
2550	28	12	24	\N	free
2551	28	13	24	\N	free
2552	28	14	24	\N	free
2553	28	15	24	\N	free
2554	28	16	24	\N	free
2555	28	17	24	\N	free
2556	28	18	24	\N	free
2557	28	19	24	\N	free
2558	28	20	24	\N	free
2559	28	21	24	\N	free
2560	28	22	24	\N	free
2561	28	23	24	\N	free
2562	28	24	24	\N	free
2563	28	25	24	\N	free
2564	28	26	24	\N	free
2565	28	27	24	\N	free
2566	28	28	24	\N	free
2567	28	29	24	\N	free
2568	28	30	24	\N	free
2569	28	31	24	\N	free
2570	28	32	24	\N	free
2571	28	33	24	\N	free
2572	28	34	24	\N	free
2573	28	35	24	\N	free
2574	28	36	24	\N	free
2575	28	37	24	\N	free
2576	28	38	24	\N	free
2577	28	39	24	\N	free
2578	28	40	24	\N	free
2579	28	41	24	\N	free
2580	28	42	24	\N	free
2581	28	43	24	\N	free
2582	28	44	24	\N	free
2583	29	1	24	\N	free
2584	29	2	24	\N	free
2585	29	3	24	\N	free
2586	29	4	24	\N	free
2587	29	5	24	\N	free
2588	29	6	24	\N	free
2589	29	7	24	\N	free
2590	29	8	24	\N	free
2591	29	9	24	\N	free
2592	29	10	24	\N	free
2593	29	11	24	\N	free
2594	29	12	24	\N	free
2595	29	13	24	\N	free
2596	29	14	24	\N	free
2597	29	15	24	\N	free
2598	29	16	24	\N	free
2599	29	17	24	\N	free
2600	29	18	24	\N	free
2601	29	19	24	\N	free
2602	29	20	24	\N	free
2603	29	21	24	\N	free
2604	29	22	24	\N	free
2605	29	23	24	\N	free
2606	29	24	24	\N	free
2607	29	25	24	\N	free
2608	29	26	24	\N	free
2609	29	27	24	\N	free
2610	29	28	24	\N	free
2611	29	29	24	\N	free
2612	29	30	24	\N	free
2613	29	31	24	\N	free
2614	29	32	24	\N	free
2615	29	33	24	\N	free
2616	29	34	24	\N	free
2617	29	35	24	\N	free
2618	29	36	24	\N	free
2619	29	37	24	\N	free
2620	29	38	24	\N	free
2621	29	39	24	\N	free
2622	29	40	24	\N	free
2623	29	41	24	\N	free
2624	29	42	24	\N	free
2625	29	43	24	\N	free
2626	29	44	24	\N	free
2627	30	1	24	\N	free
2628	30	2	24	\N	free
2629	30	3	24	\N	free
2630	30	4	24	\N	free
2631	30	5	24	\N	free
2632	30	6	24	\N	free
2633	30	7	24	\N	free
2634	30	8	24	\N	free
2635	30	9	24	\N	free
2636	30	10	24	\N	free
2637	30	11	24	\N	free
2638	30	12	24	\N	free
2639	30	13	24	\N	free
2640	30	14	24	\N	free
2641	30	15	24	\N	free
2642	30	16	24	\N	free
2643	30	17	24	\N	free
2644	30	18	24	\N	free
2645	30	19	24	\N	free
2646	30	20	24	\N	free
2647	30	21	24	\N	free
2648	30	22	24	\N	free
2649	30	23	24	\N	free
2650	30	24	24	\N	free
2651	30	25	24	\N	free
2652	30	26	24	\N	free
2653	30	27	24	\N	free
2654	30	28	24	\N	free
2655	30	29	24	\N	free
2656	30	30	24	\N	free
2657	30	31	24	\N	free
2658	30	32	24	\N	free
2659	30	33	24	\N	free
2660	30	34	24	\N	free
2661	30	35	24	\N	free
2662	30	36	24	\N	free
2663	30	37	24	\N	free
2664	30	38	24	\N	free
2665	30	39	24	\N	free
2666	30	40	24	\N	free
2667	30	41	24	\N	free
2668	30	42	24	\N	free
2669	30	43	24	\N	free
2670	30	44	24	\N	free
2671	31	1	24	\N	free
2672	31	2	24	\N	free
2673	31	3	24	\N	free
2674	31	4	24	\N	free
2675	31	5	24	\N	free
2676	31	6	24	\N	free
2677	31	7	24	\N	free
2678	31	8	24	\N	free
2679	31	9	24	\N	free
2680	31	10	24	\N	free
2681	31	11	24	\N	free
2682	31	12	24	\N	free
2683	31	13	24	\N	free
2684	31	14	24	\N	free
2685	31	15	24	\N	free
2686	31	16	24	\N	free
2687	31	17	24	\N	free
2688	31	18	24	\N	free
2689	31	19	24	\N	free
2690	31	20	24	\N	free
2691	31	21	24	\N	free
2692	31	22	24	\N	free
2693	31	23	24	\N	free
2694	31	24	24	\N	free
2695	31	25	24	\N	free
2696	31	26	24	\N	free
2697	31	27	24	\N	free
2698	31	28	24	\N	free
2699	31	29	24	\N	free
2700	31	30	24	\N	free
2701	31	31	24	\N	free
2702	31	32	24	\N	free
2703	31	33	24	\N	free
2704	31	34	24	\N	free
2705	31	35	24	\N	free
2706	31	36	24	\N	free
2707	31	37	24	\N	free
2708	31	38	24	\N	free
2709	31	39	24	\N	free
2710	31	40	24	\N	free
2711	31	41	24	\N	free
2712	31	42	24	\N	free
2713	31	43	24	\N	free
2714	31	44	24	\N	free
2715	32	1	24	\N	free
2716	32	2	24	\N	free
2717	32	3	24	\N	free
2718	32	4	24	\N	free
2719	32	5	24	\N	free
2720	32	6	24	\N	free
2721	32	7	24	\N	free
2722	32	8	24	\N	free
2723	32	9	24	\N	free
2724	32	10	24	\N	free
2725	32	11	24	\N	free
2726	32	12	24	\N	free
2727	32	13	24	\N	free
2728	32	14	24	\N	free
2729	32	15	24	\N	free
2730	32	16	24	\N	free
2731	32	17	24	\N	free
2732	32	18	24	\N	free
2733	32	19	24	\N	free
2734	32	20	24	\N	free
2735	32	21	24	\N	free
2736	32	22	24	\N	free
2737	32	23	24	\N	free
2738	32	24	24	\N	free
2739	32	25	24	\N	free
2740	32	26	24	\N	free
2741	32	27	24	\N	free
2742	32	28	24	\N	free
2743	32	29	24	\N	free
2744	32	30	24	\N	free
2745	32	31	24	\N	free
2746	32	32	24	\N	free
2747	32	33	24	\N	free
2748	32	34	24	\N	free
2749	32	35	24	\N	free
2750	32	36	24	\N	free
2751	32	37	24	\N	free
2752	32	38	24	\N	free
2753	32	39	24	\N	free
2754	32	40	24	\N	free
2755	32	41	24	\N	free
2756	32	42	24	\N	free
2757	32	43	24	\N	free
2758	32	44	24	\N	free
2759	33	1	24	\N	free
2760	33	2	24	\N	free
2761	33	3	24	\N	free
2762	33	4	24	\N	free
2763	33	5	24	\N	free
2764	33	6	24	\N	free
2765	33	7	24	\N	free
2766	33	8	24	\N	free
2767	33	9	24	\N	free
2768	33	10	24	\N	free
2769	33	11	24	\N	free
2770	33	12	24	\N	free
2771	33	13	24	\N	free
2772	33	14	24	\N	free
2773	33	15	24	\N	free
2774	33	16	24	\N	free
2775	33	17	24	\N	free
2776	33	18	24	\N	free
2777	33	19	24	\N	free
2778	33	20	24	\N	free
2779	33	21	24	\N	free
2780	33	22	24	\N	free
2781	33	23	24	\N	free
2782	33	24	24	\N	free
2783	33	25	24	\N	free
2784	33	26	24	\N	free
2785	33	27	24	\N	free
2786	33	28	24	\N	free
2787	33	29	24	\N	free
2788	33	30	24	\N	free
2789	33	31	24	\N	free
2790	33	32	24	\N	free
2791	33	33	24	\N	free
2792	33	34	24	\N	free
2793	33	35	24	\N	free
2794	33	36	24	\N	free
2795	33	37	24	\N	free
2796	33	38	24	\N	free
2797	33	39	24	\N	free
2798	33	40	24	\N	free
2799	33	41	24	\N	free
2800	33	42	24	\N	free
2801	33	43	24	\N	free
2802	33	44	24	\N	free
2803	34	1	24	\N	free
2804	34	2	24	\N	free
2805	34	3	24	\N	free
2806	34	4	24	\N	free
2807	34	5	24	\N	free
2808	34	6	24	\N	free
2809	34	7	24	\N	free
2810	34	8	24	\N	free
2811	34	9	24	\N	free
2812	34	10	24	\N	free
2813	34	11	24	\N	free
2814	34	12	24	\N	free
2815	34	13	24	\N	free
2816	34	14	24	\N	free
2817	34	15	24	\N	free
2818	34	16	24	\N	free
2819	34	17	24	\N	free
2820	34	18	24	\N	free
2821	34	19	24	\N	free
2822	34	20	24	\N	free
2823	34	21	24	\N	free
2824	34	22	24	\N	free
2825	34	23	24	\N	free
2826	34	24	24	\N	free
2827	34	25	24	\N	free
2828	34	26	24	\N	free
2829	34	27	24	\N	free
2830	34	28	24	\N	free
2831	34	29	24	\N	free
2832	34	30	24	\N	free
2833	34	31	24	\N	free
2834	34	32	24	\N	free
2835	34	33	24	\N	free
2836	34	34	24	\N	free
2837	34	35	24	\N	free
2838	34	36	24	\N	free
2839	34	37	24	\N	free
2840	34	38	24	\N	free
2841	34	39	24	\N	free
2842	34	40	24	\N	free
2843	34	41	24	\N	free
2844	34	42	24	\N	free
2845	34	43	24	\N	free
2846	34	44	24	\N	free
2847	35	1	24	\N	free
2848	35	2	24	\N	free
2849	35	3	24	\N	free
2850	35	4	24	\N	free
2851	35	5	24	\N	free
2852	35	6	24	\N	free
2853	35	7	24	\N	free
2854	35	8	24	\N	free
2855	35	9	24	\N	free
2856	35	10	24	\N	free
2857	35	11	24	\N	free
2858	35	12	24	\N	free
2859	35	13	24	\N	free
2860	35	14	24	\N	free
2861	35	15	24	\N	free
2862	35	16	24	\N	free
2863	35	17	24	\N	free
2864	35	18	24	\N	free
2865	35	19	24	\N	free
2866	35	20	24	\N	free
2867	35	21	24	\N	free
2868	35	22	24	\N	free
2869	35	23	24	\N	free
2870	35	24	24	\N	free
2871	35	25	24	\N	free
2872	35	26	24	\N	free
2873	35	27	24	\N	free
2874	35	28	24	\N	free
2875	35	29	24	\N	free
2876	35	30	24	\N	free
2877	35	31	24	\N	free
2878	35	32	24	\N	free
2879	35	33	24	\N	free
2880	35	34	24	\N	free
2881	35	35	24	\N	free
2882	35	36	24	\N	free
2883	35	37	24	\N	free
2884	35	38	24	\N	free
2885	35	39	24	\N	free
2886	35	40	24	\N	free
2887	35	41	24	\N	free
2888	35	42	24	\N	free
2889	35	43	24	\N	free
2890	35	44	24	\N	free
2891	36	1	24	\N	free
2892	36	2	24	\N	free
2893	36	3	24	\N	free
2894	36	4	24	\N	free
2895	36	5	24	\N	free
2896	36	6	24	\N	free
2897	36	7	24	\N	free
2898	36	8	24	\N	free
2899	36	9	24	\N	free
2900	36	10	24	\N	free
2901	36	11	24	\N	free
2902	36	12	24	\N	free
2903	36	13	24	\N	free
2904	36	14	24	\N	free
2905	36	15	24	\N	free
2906	36	16	24	\N	free
2907	36	17	24	\N	free
2908	36	18	24	\N	free
2909	36	19	24	\N	free
2910	36	20	24	\N	free
2911	36	21	24	\N	free
2912	36	22	24	\N	free
2913	36	23	24	\N	free
2914	36	24	24	\N	free
2915	36	25	24	\N	free
2916	36	26	24	\N	free
2917	36	27	24	\N	free
2918	36	28	24	\N	free
2919	36	29	24	\N	free
2920	36	30	24	\N	free
2921	36	31	24	\N	free
2922	36	32	24	\N	free
2923	36	33	24	\N	free
2924	36	34	24	\N	free
2925	36	35	24	\N	free
2926	36	36	24	\N	free
2927	36	37	24	\N	free
2928	36	38	24	\N	free
2929	36	39	24	\N	free
2930	36	40	24	\N	free
2931	36	41	24	\N	free
2932	36	42	24	\N	free
2933	36	43	24	\N	free
2934	36	44	24	\N	free
2935	37	1	24	\N	free
2936	37	2	24	\N	free
2937	37	3	24	\N	free
2938	37	4	24	\N	free
2939	37	5	24	\N	free
2940	37	6	24	\N	free
2941	37	7	24	\N	free
2942	37	8	24	\N	free
2943	37	9	24	\N	free
2944	37	10	24	\N	free
2945	37	11	24	\N	free
2946	37	12	24	\N	free
2947	37	13	24	\N	free
2948	37	14	24	\N	free
2949	37	15	24	\N	free
2950	37	16	24	\N	free
2951	37	17	24	\N	free
2952	37	18	24	\N	free
2953	37	19	24	\N	free
2954	37	20	24	\N	free
2955	37	21	24	\N	free
2956	37	22	24	\N	free
2957	37	23	24	\N	free
2958	37	24	24	\N	free
2959	37	25	24	\N	free
2960	37	26	24	\N	free
2961	37	27	24	\N	free
2962	37	28	24	\N	free
2963	37	29	24	\N	free
2964	37	30	24	\N	free
2965	37	31	24	\N	free
2966	37	32	24	\N	free
2967	37	33	24	\N	free
2968	37	34	24	\N	free
2969	37	35	24	\N	free
2970	37	36	24	\N	free
2971	37	37	24	\N	free
2972	37	38	24	\N	free
2973	37	39	24	\N	free
2974	37	40	24	\N	free
2975	37	41	24	\N	free
2976	37	42	24	\N	free
2977	37	43	24	\N	free
2978	37	44	24	\N	free
2979	38	1	24	\N	free
2980	38	2	24	\N	free
2981	38	3	24	\N	free
2982	38	4	24	\N	free
2983	38	5	24	\N	free
2984	38	6	24	\N	free
2985	38	7	24	\N	free
2986	38	8	24	\N	free
2987	38	9	24	\N	free
2988	38	10	24	\N	free
2989	38	11	24	\N	free
2990	38	12	24	\N	free
2991	38	13	24	\N	free
2992	38	14	24	\N	free
2993	38	15	24	\N	free
2994	38	16	24	\N	free
2995	38	17	24	\N	free
2996	38	18	24	\N	free
2997	38	19	24	\N	free
2998	38	20	24	\N	free
2999	38	21	24	\N	free
3000	38	22	24	\N	free
3001	38	23	24	\N	free
3002	38	24	24	\N	free
3003	38	25	24	\N	free
3004	38	26	24	\N	free
3005	38	27	24	\N	free
3006	38	28	24	\N	free
3007	38	29	24	\N	free
3008	38	30	24	\N	free
3009	38	31	24	\N	free
3010	38	32	24	\N	free
3011	38	33	24	\N	free
3012	38	34	24	\N	free
3013	38	35	24	\N	free
3014	38	36	24	\N	free
3015	38	37	24	\N	free
3016	38	38	24	\N	free
3017	38	39	24	\N	free
3018	38	40	24	\N	free
3019	38	41	24	\N	free
3020	38	42	24	\N	free
3021	38	43	24	\N	free
3022	38	44	24	\N	free
3023	39	1	24	\N	free
3024	39	2	24	\N	free
3025	39	3	24	\N	free
3026	39	4	24	\N	free
3027	39	5	24	\N	free
3028	39	6	24	\N	free
3029	39	7	24	\N	free
3030	39	8	24	\N	free
3031	39	9	24	\N	free
3032	39	10	24	\N	free
3033	39	11	24	\N	free
3034	39	12	24	\N	free
3035	39	13	24	\N	free
3036	39	14	24	\N	free
3037	39	15	24	\N	free
3038	39	16	24	\N	free
3039	39	17	24	\N	free
3040	39	18	24	\N	free
3041	39	19	24	\N	free
3042	39	20	24	\N	free
3043	39	21	24	\N	free
3044	39	22	24	\N	free
3045	39	23	24	\N	free
3046	39	24	24	\N	free
3047	39	25	24	\N	free
3048	39	26	24	\N	free
3049	39	27	24	\N	free
3050	39	28	24	\N	free
3051	39	29	24	\N	free
3052	39	30	24	\N	free
3053	39	31	24	\N	free
3054	39	32	24	\N	free
3055	39	33	24	\N	free
3056	39	34	24	\N	free
3057	39	35	24	\N	free
3058	39	36	24	\N	free
3059	39	37	24	\N	free
3060	39	38	24	\N	free
3061	39	39	24	\N	free
3062	39	40	24	\N	free
3063	39	41	24	\N	free
3064	39	42	24	\N	free
3065	39	43	24	\N	free
3066	39	44	24	\N	free
3067	40	1	24	\N	free
3068	40	2	24	\N	free
3069	40	3	24	\N	free
3070	40	4	24	\N	free
3071	40	5	24	\N	free
3072	40	6	24	\N	free
3073	40	7	24	\N	free
3074	40	8	24	\N	free
3075	40	9	24	\N	free
3076	40	10	24	\N	free
3077	40	11	24	\N	free
3078	40	12	24	\N	free
3079	40	13	24	\N	free
3080	40	14	24	\N	free
3081	40	15	24	\N	free
3082	40	16	24	\N	free
3083	40	17	24	\N	free
3084	40	18	24	\N	free
3085	40	19	24	\N	free
3086	40	20	24	\N	free
3087	40	21	24	\N	free
3088	40	22	24	\N	free
3089	40	23	24	\N	free
3090	40	24	24	\N	free
3091	40	25	24	\N	free
3092	40	26	24	\N	free
3093	40	27	24	\N	free
3094	40	28	24	\N	free
3095	40	29	24	\N	free
3096	40	30	24	\N	free
3097	40	31	24	\N	free
3098	40	32	24	\N	free
3099	40	33	24	\N	free
3100	40	34	24	\N	free
3101	40	35	24	\N	free
3102	40	36	24	\N	free
3103	40	37	24	\N	free
3104	40	38	24	\N	free
3105	40	39	24	\N	free
3106	40	40	24	\N	free
3107	40	41	24	\N	free
3108	40	42	24	\N	free
3109	40	43	24	\N	free
3110	40	44	24	\N	free
3111	41	1	24	\N	free
3112	41	2	24	\N	free
3113	41	3	24	\N	free
3114	41	4	24	\N	free
3115	41	5	24	\N	free
3116	41	6	24	\N	free
3117	41	7	24	\N	free
3118	41	8	24	\N	free
3119	41	9	24	\N	free
3120	41	10	24	\N	free
3121	41	11	24	\N	free
3122	41	12	24	\N	free
3123	41	13	24	\N	free
3124	41	14	24	\N	free
3125	41	15	24	\N	free
3126	41	16	24	\N	free
3127	41	17	24	\N	free
3128	41	18	24	\N	free
3129	41	19	24	\N	free
3130	41	20	24	\N	free
3131	41	21	24	\N	free
3132	41	22	24	\N	free
3133	41	23	24	\N	free
3134	41	24	24	\N	free
3135	41	25	24	\N	free
3136	41	26	24	\N	free
3137	41	27	24	\N	free
3138	41	28	24	\N	free
3139	41	29	24	\N	free
3140	41	30	24	\N	free
3141	41	31	24	\N	free
3142	41	32	24	\N	free
3143	41	33	24	\N	free
3144	41	34	24	\N	free
3145	41	35	24	\N	free
3146	41	36	24	\N	free
3147	41	37	24	\N	free
3148	41	38	24	\N	free
3149	41	39	24	\N	free
3150	41	40	24	\N	free
3151	41	41	24	\N	free
3152	41	42	24	\N	free
3153	41	43	24	\N	free
3154	41	44	24	\N	free
3155	42	1	24	\N	free
3156	42	2	24	\N	free
3157	42	3	24	\N	free
3158	42	4	24	\N	free
3159	42	5	24	\N	free
3160	42	6	24	\N	free
3161	42	7	24	\N	free
3162	42	8	24	\N	free
3163	42	9	24	\N	free
3164	42	10	24	\N	free
3165	42	11	24	\N	free
3166	42	12	24	\N	free
3167	42	13	24	\N	free
3168	42	14	24	\N	free
3169	42	15	24	\N	free
3170	42	16	24	\N	free
3171	42	17	24	\N	free
3172	42	18	24	\N	free
3173	42	19	24	\N	free
3174	42	20	24	\N	free
3175	42	21	24	\N	free
3176	42	22	24	\N	free
3177	42	23	24	\N	free
3178	42	24	24	\N	free
3179	42	25	24	\N	free
3180	42	26	24	\N	free
3181	42	27	24	\N	free
3182	42	28	24	\N	free
3183	42	29	24	\N	free
3184	42	30	24	\N	free
3185	42	31	24	\N	free
3186	42	32	24	\N	free
3187	42	33	24	\N	free
3188	42	34	24	\N	free
3189	42	35	24	\N	free
3190	42	36	24	\N	free
3191	42	37	24	\N	free
3192	42	38	24	\N	free
3193	42	39	24	\N	free
3194	42	40	24	\N	free
3195	42	41	24	\N	free
3196	42	42	24	\N	free
3197	42	43	24	\N	free
3198	42	44	24	\N	free
3199	43	1	24	\N	free
3200	43	2	24	\N	free
3201	43	3	24	\N	free
3202	43	4	24	\N	free
3203	43	5	24	\N	free
3204	43	6	24	\N	free
3205	43	7	24	\N	free
3206	43	8	24	\N	free
3207	43	9	24	\N	free
3208	43	10	24	\N	free
3209	43	11	24	\N	free
3210	43	12	24	\N	free
3211	43	13	24	\N	free
3212	43	14	24	\N	free
3213	43	15	24	\N	free
3214	43	16	24	\N	free
3215	43	17	24	\N	free
3216	43	18	24	\N	free
3217	43	19	24	\N	free
3218	43	20	24	\N	free
3219	43	21	24	\N	free
3220	43	22	24	\N	free
3221	43	23	24	\N	free
3222	43	24	24	\N	free
3223	43	25	24	\N	free
3224	43	26	24	\N	free
3225	43	27	24	\N	free
3226	43	28	24	\N	free
3227	43	29	24	\N	free
3228	43	30	24	\N	free
3229	43	31	24	\N	free
3230	43	32	24	\N	free
3231	43	33	24	\N	free
3232	43	34	24	\N	free
3233	43	35	24	\N	free
3234	43	36	24	\N	free
3235	43	37	24	\N	free
3236	43	38	24	\N	free
3237	43	39	24	\N	free
3238	43	40	24	\N	free
3239	43	41	24	\N	free
3240	43	42	24	\N	free
3241	43	43	24	\N	free
3242	43	44	24	\N	free
3243	1	1	25	\N	free
3244	1	2	25	\N	free
3245	1	3	25	\N	free
3246	1	4	25	\N	free
3247	1	5	25	\N	free
3248	1	6	25	\N	free
3249	1	7	25	\N	free
3250	1	8	25	\N	free
3251	1	9	25	\N	free
3252	1	10	25	\N	free
3253	2	1	25	\N	free
3254	2	2	25	\N	free
3255	2	3	25	\N	free
3256	2	4	25	\N	free
3257	2	5	25	\N	free
3258	2	6	25	\N	free
3259	2	7	25	\N	free
3260	2	8	25	\N	free
3261	2	9	25	\N	free
3262	2	10	25	\N	free
3263	3	1	25	\N	free
3264	3	2	25	\N	free
3265	3	3	25	\N	free
3266	3	4	25	\N	free
3267	3	5	25	\N	free
3268	3	6	25	\N	free
3269	3	7	25	\N	free
3270	3	8	25	\N	free
3271	3	9	25	\N	free
3272	3	10	25	\N	free
3273	4	1	25	\N	free
3274	4	2	25	\N	free
3275	4	3	25	\N	free
3276	4	4	25	\N	free
3277	4	5	25	\N	free
3278	4	6	25	\N	free
3279	4	7	25	\N	free
3280	4	8	25	\N	free
3281	4	9	25	\N	free
3282	4	10	25	\N	free
3283	5	1	25	\N	free
3284	5	2	25	\N	free
3285	5	3	25	\N	free
3286	5	4	25	\N	free
3287	5	5	25	\N	free
3288	5	6	25	\N	free
3289	5	7	25	\N	free
3290	5	8	25	\N	free
3291	5	9	25	\N	free
3292	5	10	25	\N	free
3293	6	1	25	\N	free
3294	6	2	25	\N	free
3295	6	3	25	\N	free
3296	6	4	25	\N	free
3297	6	5	25	\N	free
3298	6	6	25	\N	free
3299	6	7	25	\N	free
3300	6	8	25	\N	free
3301	6	9	25	\N	free
3302	6	10	25	\N	free
3303	7	1	25	\N	free
3304	7	2	25	\N	free
3305	7	3	25	\N	free
3306	7	4	25	\N	free
3307	7	5	25	\N	free
3308	7	6	25	\N	free
3309	7	7	25	\N	free
3310	7	8	25	\N	free
3311	7	9	25	\N	free
3312	7	10	25	\N	free
3313	8	1	25	\N	free
3314	8	2	25	\N	free
3315	8	3	25	\N	free
3316	8	4	25	\N	free
3317	8	5	25	\N	free
3318	8	6	25	\N	free
3319	8	7	25	\N	free
3320	8	8	25	\N	free
3321	8	9	25	\N	free
3322	8	10	25	\N	free
3323	9	1	25	\N	free
3324	9	2	25	\N	free
3325	9	3	25	\N	free
3326	9	4	25	\N	free
3327	9	5	25	\N	free
3328	9	6	25	\N	free
3329	9	7	25	\N	free
3330	9	8	25	\N	free
3331	9	9	25	\N	free
3332	9	10	25	\N	free
3333	10	1	25	\N	free
3334	10	2	25	\N	free
3335	10	3	25	\N	free
3336	10	4	25	\N	free
3337	10	5	25	\N	free
3338	10	6	25	\N	free
3339	10	7	25	\N	free
3340	10	8	25	\N	free
3341	10	9	25	\N	free
3342	10	10	25	\N	free
3343	1	1	26	\N	free
3344	1	2	26	\N	free
3345	1	3	26	\N	free
3346	1	4	26	\N	free
3347	1	5	26	\N	free
3348	1	6	26	\N	free
3349	1	7	26	\N	free
3350	1	8	26	\N	free
3351	1	9	26	\N	free
3352	1	10	26	\N	free
3353	2	1	26	\N	free
3354	2	2	26	\N	free
3355	2	3	26	\N	free
3356	2	4	26	\N	free
3357	2	5	26	\N	free
3358	2	6	26	\N	free
3359	2	7	26	\N	free
3360	2	8	26	\N	free
3361	2	9	26	\N	free
3362	2	10	26	\N	free
3363	3	1	26	\N	free
3364	3	2	26	\N	free
7057	8	3	44	\N	free
7058	8	4	44	\N	free
3369	3	7	26	\N	free
3370	3	8	26	\N	free
3371	3	9	26	\N	free
3372	3	10	26	\N	free
3373	4	1	26	\N	free
3374	4	2	26	\N	free
3375	4	3	26	\N	free
3376	4	4	26	\N	free
3377	4	5	26	\N	free
3378	4	6	26	\N	free
3379	4	7	26	\N	free
3380	4	8	26	\N	free
3381	4	9	26	\N	free
3382	4	10	26	\N	free
3383	5	1	26	\N	free
3384	5	2	26	\N	free
3385	5	3	26	\N	free
3386	5	4	26	\N	free
3387	5	5	26	\N	free
3388	5	6	26	\N	free
3389	5	7	26	\N	free
3390	5	8	26	\N	free
3391	5	9	26	\N	free
3392	5	10	26	\N	free
3393	6	1	26	\N	free
3394	6	2	26	\N	free
3367	3	5	26	2	bought
3395	6	3	26	\N	free
3396	6	4	26	\N	free
3397	6	5	26	\N	free
3398	6	6	26	\N	free
3399	6	7	26	\N	free
3400	6	8	26	\N	free
3401	6	9	26	\N	free
3402	6	10	26	\N	free
3403	7	1	26	\N	free
3404	7	2	26	\N	free
3405	7	3	26	\N	free
3406	7	4	26	\N	free
3407	7	5	26	\N	free
3408	7	6	26	\N	free
3409	7	7	26	\N	free
3410	7	8	26	\N	free
3411	7	9	26	\N	free
3412	7	10	26	\N	free
3413	8	1	26	\N	free
3414	8	2	26	\N	free
3415	8	3	26	\N	free
3416	8	4	26	\N	free
3417	8	5	26	\N	free
3418	8	6	26	\N	free
3419	8	7	26	\N	free
3420	8	8	26	\N	free
3421	8	9	26	\N	free
3422	8	10	26	\N	free
3423	9	1	26	\N	free
3424	9	2	26	\N	free
3425	9	3	26	\N	free
3426	9	4	26	\N	free
3427	9	5	26	\N	free
3428	9	6	26	\N	free
3429	9	7	26	\N	free
3430	9	8	26	\N	free
3431	9	9	26	\N	free
3432	9	10	26	\N	free
3433	10	1	26	\N	free
3434	10	2	26	\N	free
3435	10	3	26	\N	free
3436	10	4	26	\N	free
3437	10	5	26	\N	free
3438	10	6	26	\N	free
3439	10	7	26	\N	free
3440	10	8	26	\N	free
3441	10	9	26	\N	free
3442	10	10	26	\N	free
3446	1	4	27	\N	free
3447	1	5	27	\N	free
3448	1	6	27	\N	free
3449	1	7	27	\N	free
3450	1	8	27	\N	free
3451	1	9	27	\N	free
3452	1	10	27	\N	free
3453	2	1	27	\N	free
3454	2	2	27	\N	free
3455	2	3	27	\N	free
3456	2	4	27	\N	free
3457	2	5	27	\N	free
3458	2	6	27	\N	free
3459	2	7	27	\N	free
3460	2	8	27	\N	free
3461	2	9	27	\N	free
3462	2	10	27	\N	free
3463	3	1	27	\N	free
3464	3	2	27	\N	free
3465	3	3	27	\N	free
3466	3	4	27	\N	free
3467	3	5	27	\N	free
3468	3	6	27	\N	free
3469	3	7	27	\N	free
3470	3	8	27	\N	free
3471	3	9	27	\N	free
3472	3	10	27	\N	free
3473	4	1	27	\N	free
3474	4	2	27	\N	free
3475	4	3	27	\N	free
3476	4	4	27	\N	free
3477	4	5	27	\N	free
3478	4	6	27	\N	free
3479	4	7	27	\N	free
3480	4	8	27	\N	free
3481	4	9	27	\N	free
3482	4	10	27	\N	free
3483	5	1	27	\N	free
3484	5	2	27	\N	free
3485	5	3	27	\N	free
3486	5	4	27	\N	free
3487	5	5	27	\N	free
3488	5	6	27	\N	free
3489	5	7	27	\N	free
3490	5	8	27	\N	free
3491	5	9	27	\N	free
3492	5	10	27	\N	free
3493	6	1	27	\N	free
3494	6	2	27	\N	free
3495	6	3	27	\N	free
3496	6	4	27	\N	free
3497	6	5	27	\N	free
3498	6	6	27	\N	free
3499	6	7	27	\N	free
3500	6	8	27	\N	free
3501	6	9	27	\N	free
3502	6	10	27	\N	free
3503	7	1	27	\N	free
3504	7	2	27	\N	free
3505	7	3	27	\N	free
3506	7	4	27	\N	free
3507	7	5	27	\N	free
3508	7	6	27	\N	free
3509	7	7	27	\N	free
3510	7	8	27	\N	free
3511	7	9	27	\N	free
3512	7	10	27	\N	free
3513	8	1	27	\N	free
3514	8	2	27	\N	free
3515	8	3	27	\N	free
3516	8	4	27	\N	free
3517	8	5	27	\N	free
3518	8	6	27	\N	free
3519	8	7	27	\N	free
3520	8	8	27	\N	free
3521	8	9	27	\N	free
3522	8	10	27	\N	free
3523	9	1	27	\N	free
3524	9	2	27	\N	free
3525	9	3	27	\N	free
3526	9	4	27	\N	free
3527	9	5	27	\N	free
3528	9	6	27	\N	free
3529	9	7	27	\N	free
3530	9	8	27	\N	free
3531	9	9	27	\N	free
3532	9	10	27	\N	free
3533	10	1	27	\N	free
3534	10	2	27	\N	free
3535	10	3	27	\N	free
3536	10	4	27	\N	free
3537	10	5	27	\N	free
3538	10	6	27	\N	free
3539	10	7	27	\N	free
3540	10	8	27	\N	free
3541	10	9	27	\N	free
3542	10	10	27	\N	free
3543	1	1	28	\N	free
3544	1	2	28	\N	free
3545	1	3	28	\N	free
3546	1	4	28	\N	free
3547	1	5	28	\N	free
3548	1	6	28	\N	free
3549	1	7	28	\N	free
3550	1	8	28	\N	free
3551	1	9	28	\N	free
3552	1	10	28	\N	free
3553	2	1	28	\N	free
3554	2	2	28	\N	free
3555	2	3	28	\N	free
3556	2	4	28	\N	free
3557	2	5	28	\N	free
3558	2	6	28	\N	free
3559	2	7	28	\N	free
3560	2	8	28	\N	free
3561	2	9	28	\N	free
3562	2	10	28	\N	free
3563	3	1	28	\N	free
3564	3	2	28	\N	free
3565	3	3	28	\N	free
3566	3	4	28	\N	free
3567	3	5	28	\N	free
3568	3	6	28	\N	free
3569	3	7	28	\N	free
3570	3	8	28	\N	free
3571	3	9	28	\N	free
3572	3	10	28	\N	free
3573	4	1	28	\N	free
3574	4	2	28	\N	free
3575	4	3	28	\N	free
3576	4	4	28	\N	free
3577	4	5	28	\N	free
3578	4	6	28	\N	free
3579	4	7	28	\N	free
3580	4	8	28	\N	free
3581	4	9	28	\N	free
3582	4	10	28	\N	free
3583	5	1	28	\N	free
3584	5	2	28	\N	free
3585	5	3	28	\N	free
3586	5	4	28	\N	free
3587	5	5	28	\N	free
3588	5	6	28	\N	free
3589	5	7	28	\N	free
3590	5	8	28	\N	free
3591	5	9	28	\N	free
3592	5	10	28	\N	free
3593	6	1	28	\N	free
3594	6	2	28	\N	free
3595	6	3	28	\N	free
3596	6	4	28	\N	free
3597	6	5	28	\N	free
3598	6	6	28	\N	free
3599	6	7	28	\N	free
3600	6	8	28	\N	free
3601	6	9	28	\N	free
3602	6	10	28	\N	free
3603	7	1	28	\N	free
3604	7	2	28	\N	free
3605	7	3	28	\N	free
3606	7	4	28	\N	free
3607	7	5	28	\N	free
3608	7	6	28	\N	free
3609	7	7	28	\N	free
3610	7	8	28	\N	free
3611	7	9	28	\N	free
3612	7	10	28	\N	free
3613	8	1	28	\N	free
3614	8	2	28	\N	free
3615	8	3	28	\N	free
3616	8	4	28	\N	free
3617	8	5	28	\N	free
3618	8	6	28	\N	free
3619	8	7	28	\N	free
3620	8	8	28	\N	free
3621	8	9	28	\N	free
3622	8	10	28	\N	free
3623	9	1	28	\N	free
3624	9	2	28	\N	free
3625	9	3	28	\N	free
3626	9	4	28	\N	free
3627	9	5	28	\N	free
3628	9	6	28	\N	free
3629	9	7	28	\N	free
3630	9	8	28	\N	free
3631	9	9	28	\N	free
3632	9	10	28	\N	free
3633	10	1	28	\N	free
3634	10	2	28	\N	free
3635	10	3	28	\N	free
3636	10	4	28	\N	free
3637	10	5	28	\N	free
3638	10	6	28	\N	free
3639	10	7	28	\N	free
3640	10	8	28	\N	free
3641	10	9	28	\N	free
3642	10	10	28	\N	free
3643	1	1	29	\N	free
3644	1	2	29	\N	free
3645	1	3	29	\N	free
3646	1	4	29	\N	free
3647	1	5	29	\N	free
3648	1	6	29	\N	free
3649	1	7	29	\N	free
3650	1	8	29	\N	free
3651	1	9	29	\N	free
3652	1	10	29	\N	free
3653	2	1	29	\N	free
3654	2	2	29	\N	free
3655	2	3	29	\N	free
3656	2	4	29	\N	free
3657	2	5	29	\N	free
3658	2	6	29	\N	free
3659	2	7	29	\N	free
3660	2	8	29	\N	free
3661	2	9	29	\N	free
3662	2	10	29	\N	free
3663	3	1	29	\N	free
3664	3	2	29	\N	free
3665	3	3	29	\N	free
3666	3	4	29	\N	free
3667	3	5	29	\N	free
3668	3	6	29	\N	free
3669	3	7	29	\N	free
3670	3	8	29	\N	free
3671	3	9	29	\N	free
3672	3	10	29	\N	free
3673	4	1	29	\N	free
3674	4	2	29	\N	free
3675	4	3	29	\N	free
3676	4	4	29	\N	free
3677	4	5	29	\N	free
3678	4	6	29	\N	free
3679	4	7	29	\N	free
3680	4	8	29	\N	free
3681	4	9	29	\N	free
3682	4	10	29	\N	free
3683	5	1	29	\N	free
3684	5	2	29	\N	free
3685	5	3	29	\N	free
3686	5	4	29	\N	free
3687	5	5	29	\N	free
3688	5	6	29	\N	free
3689	5	7	29	\N	free
3690	5	8	29	\N	free
3691	5	9	29	\N	free
3692	5	10	29	\N	free
3693	6	1	29	\N	free
3694	6	2	29	\N	free
3695	6	3	29	\N	free
3696	6	4	29	\N	free
3697	6	5	29	\N	free
3698	6	6	29	\N	free
3699	6	7	29	\N	free
3700	6	8	29	\N	free
3701	6	9	29	\N	free
3702	6	10	29	\N	free
3703	7	1	29	\N	free
3704	7	2	29	\N	free
3705	7	3	29	\N	free
3706	7	4	29	\N	free
3707	7	5	29	\N	free
3708	7	6	29	\N	free
3709	7	7	29	\N	free
3710	7	8	29	\N	free
3711	7	9	29	\N	free
3712	7	10	29	\N	free
3713	8	1	29	\N	free
3714	8	2	29	\N	free
3715	8	3	29	\N	free
3716	8	4	29	\N	free
3717	8	5	29	\N	free
3718	8	6	29	\N	free
3719	8	7	29	\N	free
3720	8	8	29	\N	free
3721	8	9	29	\N	free
3722	8	10	29	\N	free
3723	9	1	29	\N	free
3724	9	2	29	\N	free
3725	9	3	29	\N	free
3726	9	4	29	\N	free
3727	9	5	29	\N	free
3728	9	6	29	\N	free
3729	9	7	29	\N	free
3730	9	8	29	\N	free
3731	9	9	29	\N	free
3732	9	10	29	\N	free
3733	10	1	29	\N	free
3734	10	2	29	\N	free
3735	10	3	29	\N	free
3736	10	4	29	\N	free
3737	10	5	29	\N	free
3738	10	6	29	\N	free
3739	10	7	29	\N	free
3740	10	8	29	\N	free
3741	10	9	29	\N	free
3742	10	10	29	\N	free
3743	1	1	30	\N	free
3744	1	2	30	\N	free
3745	1	3	30	\N	free
3746	1	4	30	\N	free
3747	1	5	30	\N	free
3748	1	6	30	\N	free
3749	1	7	30	\N	free
3750	1	8	30	\N	free
3751	1	9	30	\N	free
3752	1	10	30	\N	free
3753	2	1	30	\N	free
3754	2	2	30	\N	free
3755	2	3	30	\N	free
3756	2	4	30	\N	free
3757	2	5	30	\N	free
3758	2	6	30	\N	free
3759	2	7	30	\N	free
3760	2	8	30	\N	free
3761	2	9	30	\N	free
3762	2	10	30	\N	free
3763	3	1	30	\N	free
3764	3	2	30	\N	free
3765	3	3	30	\N	free
3766	3	4	30	\N	free
3767	3	5	30	\N	free
3768	3	6	30	\N	free
3769	3	7	30	\N	free
3770	3	8	30	\N	free
3771	3	9	30	\N	free
3772	3	10	30	\N	free
3773	4	1	30	\N	free
3774	4	2	30	\N	free
3775	4	3	30	\N	free
3776	4	4	30	\N	free
3777	4	5	30	\N	free
3778	4	6	30	\N	free
3779	4	7	30	\N	free
3780	4	8	30	\N	free
3781	4	9	30	\N	free
3782	4	10	30	\N	free
3783	5	1	30	\N	free
3784	5	2	30	\N	free
3785	5	3	30	\N	free
3786	5	4	30	\N	free
3787	5	5	30	\N	free
3788	5	6	30	\N	free
3789	5	7	30	\N	free
3790	5	8	30	\N	free
3791	5	9	30	\N	free
3792	5	10	30	\N	free
3793	6	1	30	\N	free
3794	6	2	30	\N	free
3795	6	3	30	\N	free
3796	6	4	30	\N	free
3797	6	5	30	\N	free
3798	6	6	30	\N	free
3799	6	7	30	\N	free
3800	6	8	30	\N	free
3801	6	9	30	\N	free
3802	6	10	30	\N	free
3803	7	1	30	\N	free
3804	7	2	30	\N	free
3805	7	3	30	\N	free
3806	7	4	30	\N	free
3807	7	5	30	\N	free
3808	7	6	30	\N	free
3809	7	7	30	\N	free
3810	7	8	30	\N	free
3811	7	9	30	\N	free
3812	7	10	30	\N	free
3813	8	1	30	\N	free
3814	8	2	30	\N	free
3815	8	3	30	\N	free
3816	8	4	30	\N	free
3817	8	5	30	\N	free
3818	8	6	30	\N	free
3819	8	7	30	\N	free
3820	8	8	30	\N	free
3821	8	9	30	\N	free
3822	8	10	30	\N	free
3823	9	1	30	\N	free
3824	9	2	30	\N	free
3825	9	3	30	\N	free
3826	9	4	30	\N	free
3827	9	5	30	\N	free
3828	9	6	30	\N	free
3829	9	7	30	\N	free
3830	9	8	30	\N	free
3831	9	9	30	\N	free
3832	9	10	30	\N	free
3833	10	1	30	\N	free
3834	10	2	30	\N	free
3835	10	3	30	\N	free
3836	10	4	30	\N	free
3837	10	5	30	\N	free
3838	10	6	30	\N	free
3839	10	7	30	\N	free
3840	10	8	30	\N	free
3841	10	9	30	\N	free
3842	10	10	30	\N	free
3843	1	1	31	\N	free
3844	1	2	31	\N	free
3845	1	3	31	\N	free
3846	1	4	31	\N	free
3847	1	5	31	\N	free
3848	1	6	31	\N	free
3849	1	7	31	\N	free
3850	1	8	31	\N	free
3851	1	9	31	\N	free
3852	1	10	31	\N	free
3853	1	11	31	\N	free
3854	1	12	31	\N	free
3855	1	13	31	\N	free
3856	1	14	31	\N	free
3857	1	15	31	\N	free
3858	2	1	31	\N	free
3859	2	2	31	\N	free
3860	2	3	31	\N	free
3861	2	4	31	\N	free
3862	2	5	31	\N	free
3863	2	6	31	\N	free
3864	2	7	31	\N	free
3865	2	8	31	\N	free
3866	2	9	31	\N	free
3867	2	10	31	\N	free
3868	2	11	31	\N	free
3869	2	12	31	\N	free
3870	2	13	31	\N	free
3871	2	14	31	\N	free
3872	2	15	31	\N	free
3873	3	1	31	\N	free
3874	3	2	31	\N	free
3875	3	3	31	\N	free
3876	3	4	31	\N	free
3877	3	5	31	\N	free
3878	3	6	31	\N	free
3879	3	7	31	\N	free
3880	3	8	31	\N	free
3881	3	9	31	\N	free
3882	3	10	31	\N	free
3883	3	11	31	\N	free
3884	3	12	31	\N	free
3885	3	13	31	\N	free
3886	3	14	31	\N	free
3887	3	15	31	\N	free
3888	4	1	31	\N	free
3889	4	2	31	\N	free
3890	4	3	31	\N	free
3891	4	4	31	\N	free
3892	4	5	31	\N	free
3893	4	6	31	\N	free
3894	4	7	31	\N	free
3895	4	8	31	\N	free
3896	4	9	31	\N	free
3897	4	10	31	\N	free
3898	4	11	31	\N	free
3899	4	12	31	\N	free
3900	4	13	31	\N	free
3901	4	14	31	\N	free
3902	4	15	31	\N	free
3903	5	1	31	\N	free
3904	5	2	31	\N	free
3905	5	3	31	\N	free
3906	5	4	31	\N	free
3907	5	5	31	\N	free
3908	5	6	31	\N	free
3909	5	7	31	\N	free
3910	5	8	31	\N	free
3911	5	9	31	\N	free
3912	5	10	31	\N	free
3913	5	11	31	\N	free
3914	5	12	31	\N	free
3915	5	13	31	\N	free
3916	5	14	31	\N	free
3917	5	15	31	\N	free
3918	6	1	31	\N	free
3919	6	2	31	\N	free
3920	6	3	31	\N	free
3921	6	4	31	\N	free
3922	6	5	31	\N	free
3923	6	6	31	\N	free
3924	6	7	31	\N	free
3925	6	8	31	\N	free
3926	6	9	31	\N	free
3927	6	10	31	\N	free
3928	6	11	31	\N	free
3929	6	12	31	\N	free
3930	6	13	31	\N	free
3931	6	14	31	\N	free
3932	6	15	31	\N	free
3933	7	1	31	\N	free
3934	7	2	31	\N	free
3935	7	3	31	\N	free
3936	7	4	31	\N	free
3937	7	5	31	\N	free
3938	7	6	31	\N	free
3939	7	7	31	\N	free
3940	7	8	31	\N	free
3941	7	9	31	\N	free
3942	7	10	31	\N	free
3943	7	11	31	\N	free
3944	7	12	31	\N	free
3945	7	13	31	\N	free
3946	7	14	31	\N	free
3947	7	15	31	\N	free
3948	8	1	31	\N	free
3949	8	2	31	\N	free
3950	8	3	31	\N	free
3951	8	4	31	\N	free
3952	8	5	31	\N	free
3953	8	6	31	\N	free
3954	8	7	31	\N	free
3955	8	8	31	\N	free
3956	8	9	31	\N	free
3957	8	10	31	\N	free
3958	8	11	31	\N	free
3959	8	12	31	\N	free
3960	8	13	31	\N	free
3961	8	14	31	\N	free
3962	8	15	31	\N	free
3963	9	1	31	\N	free
3964	9	2	31	\N	free
3965	9	3	31	\N	free
3966	9	4	31	\N	free
3967	9	5	31	\N	free
3968	9	6	31	\N	free
3969	9	7	31	\N	free
3970	9	8	31	\N	free
3971	9	9	31	\N	free
3972	9	10	31	\N	free
3973	9	11	31	\N	free
3974	9	12	31	\N	free
3975	9	13	31	\N	free
3976	9	14	31	\N	free
3977	9	15	31	\N	free
3978	10	1	31	\N	free
3979	10	2	31	\N	free
3980	10	3	31	\N	free
3981	10	4	31	\N	free
3982	10	5	31	\N	free
3983	10	6	31	\N	free
3984	10	7	31	\N	free
3985	10	8	31	\N	free
3986	10	9	31	\N	free
3987	10	10	31	\N	free
3988	10	11	31	\N	free
3989	10	12	31	\N	free
3990	10	13	31	\N	free
3991	10	14	31	\N	free
3992	10	15	31	\N	free
3993	1	1	32	\N	free
3994	1	2	32	\N	free
3995	1	3	32	\N	free
3996	1	4	32	\N	free
3997	1	5	32	\N	free
3998	1	6	32	\N	free
3999	1	7	32	\N	free
4000	1	8	32	\N	free
4001	1	9	32	\N	free
4002	1	10	32	\N	free
4003	2	1	32	\N	free
4004	2	2	32	\N	free
4005	2	3	32	\N	free
4006	2	4	32	\N	free
4007	2	5	32	\N	free
4008	2	6	32	\N	free
4009	2	7	32	\N	free
4010	2	8	32	\N	free
4011	2	9	32	\N	free
4012	2	10	32	\N	free
4013	3	1	32	\N	free
4014	3	2	32	\N	free
4015	3	3	32	\N	free
4016	3	4	32	\N	free
4017	3	5	32	\N	free
4018	3	6	32	\N	free
4019	3	7	32	\N	free
4020	3	8	32	\N	free
4021	3	9	32	\N	free
4022	3	10	32	\N	free
4023	4	1	32	\N	free
4024	4	2	32	\N	free
4025	4	3	32	\N	free
4026	4	4	32	\N	free
4027	4	5	32	\N	free
4028	4	6	32	\N	free
4029	4	7	32	\N	free
4030	4	8	32	\N	free
4031	4	9	32	\N	free
4032	4	10	32	\N	free
4033	5	1	32	\N	free
4034	5	2	32	\N	free
4035	5	3	32	\N	free
4036	5	4	32	\N	free
4037	5	5	32	\N	free
4038	5	6	32	\N	free
4039	5	7	32	\N	free
4040	5	8	32	\N	free
4041	5	9	32	\N	free
4042	5	10	32	\N	free
4043	6	1	32	\N	free
4044	6	2	32	\N	free
4045	6	3	32	\N	free
4046	6	4	32	\N	free
4047	6	5	32	\N	free
4048	6	6	32	\N	free
4049	6	7	32	\N	free
4050	6	8	32	\N	free
4051	6	9	32	\N	free
4052	6	10	32	\N	free
4053	7	1	32	\N	free
4054	7	2	32	\N	free
4055	7	3	32	\N	free
4056	7	4	32	\N	free
4057	7	5	32	\N	free
4058	7	6	32	\N	free
4059	7	7	32	\N	free
4060	7	8	32	\N	free
4061	7	9	32	\N	free
4062	7	10	32	\N	free
4063	8	1	32	\N	free
4064	8	2	32	\N	free
4065	8	3	32	\N	free
4066	8	4	32	\N	free
4067	8	5	32	\N	free
4068	8	6	32	\N	free
4069	8	7	32	\N	free
4070	8	8	32	\N	free
4071	8	9	32	\N	free
4072	8	10	32	\N	free
4073	9	1	32	\N	free
4074	9	2	32	\N	free
4075	9	3	32	\N	free
4076	9	4	32	\N	free
4077	9	5	32	\N	free
4078	9	6	32	\N	free
4079	9	7	32	\N	free
4080	9	8	32	\N	free
4081	9	9	32	\N	free
4082	9	10	32	\N	free
4083	10	1	32	\N	free
4084	10	2	32	\N	free
4085	10	3	32	\N	free
4086	10	4	32	\N	free
4087	10	5	32	\N	free
4088	10	6	32	\N	free
4089	10	7	32	\N	free
4090	10	8	32	\N	free
4091	10	9	32	\N	free
4092	10	10	32	\N	free
4093	1	1	33	\N	free
4094	1	2	33	\N	free
4095	1	3	33	\N	free
4096	1	4	33	\N	free
4097	1	5	33	\N	free
4098	1	6	33	\N	free
4099	1	7	33	\N	free
4100	1	8	33	\N	free
4101	1	9	33	\N	free
4102	1	10	33	\N	free
4103	2	1	33	\N	free
4104	2	2	33	\N	free
4105	2	3	33	\N	free
4106	2	4	33	\N	free
4107	2	5	33	\N	free
4108	2	6	33	\N	free
4109	2	7	33	\N	free
4110	2	8	33	\N	free
4111	2	9	33	\N	free
4112	2	10	33	\N	free
4113	3	1	33	\N	free
4114	3	2	33	\N	free
4115	3	3	33	\N	free
4116	3	4	33	\N	free
4117	3	5	33	\N	free
4118	3	6	33	\N	free
4119	3	7	33	\N	free
4120	3	8	33	\N	free
4121	3	9	33	\N	free
4122	3	10	33	\N	free
4123	4	1	33	\N	free
4124	4	2	33	\N	free
4125	4	3	33	\N	free
4126	4	4	33	\N	free
4127	4	5	33	\N	free
4128	4	6	33	\N	free
4129	4	7	33	\N	free
4130	4	8	33	\N	free
4131	4	9	33	\N	free
4132	4	10	33	\N	free
4133	5	1	33	\N	free
4134	5	2	33	\N	free
4135	5	3	33	\N	free
4136	5	4	33	\N	free
4137	5	5	33	\N	free
4138	5	6	33	\N	free
4139	5	7	33	\N	free
4140	5	8	33	\N	free
4141	5	9	33	\N	free
4142	5	10	33	\N	free
4143	6	1	33	\N	free
4144	6	2	33	\N	free
4145	6	3	33	\N	free
4146	6	4	33	\N	free
4147	6	5	33	\N	free
4148	6	6	33	\N	free
4149	6	7	33	\N	free
4150	6	8	33	\N	free
4151	6	9	33	\N	free
4152	6	10	33	\N	free
4153	7	1	33	\N	free
4154	7	2	33	\N	free
4155	7	3	33	\N	free
4156	7	4	33	\N	free
4157	7	5	33	\N	free
4158	7	6	33	\N	free
4159	7	7	33	\N	free
4160	7	8	33	\N	free
4161	7	9	33	\N	free
4162	7	10	33	\N	free
4163	8	1	33	\N	free
4164	8	2	33	\N	free
4165	8	3	33	\N	free
4166	8	4	33	\N	free
4167	8	5	33	\N	free
4168	8	6	33	\N	free
4169	8	7	33	\N	free
4170	8	8	33	\N	free
4171	8	9	33	\N	free
4172	8	10	33	\N	free
4173	9	1	33	\N	free
4174	9	2	33	\N	free
4175	9	3	33	\N	free
4176	9	4	33	\N	free
4177	9	5	33	\N	free
4178	9	6	33	\N	free
4179	9	7	33	\N	free
4180	9	8	33	\N	free
4181	9	9	33	\N	free
4182	9	10	33	\N	free
4183	10	1	33	\N	free
4184	10	2	33	\N	free
4185	10	3	33	\N	free
4186	10	4	33	\N	free
4187	10	5	33	\N	free
4188	10	6	33	\N	free
4189	10	7	33	\N	free
4190	10	8	33	\N	free
4191	10	9	33	\N	free
4192	10	10	33	\N	free
4193	1	1	34	\N	free
4194	1	2	34	\N	free
4195	1	3	34	\N	free
4196	1	4	34	\N	free
4197	1	5	34	\N	free
4198	1	6	34	\N	free
4199	1	7	34	\N	free
4200	1	8	34	\N	free
4201	1	9	34	\N	free
4202	1	10	34	\N	free
4203	2	1	34	\N	free
4204	2	2	34	\N	free
4205	2	3	34	\N	free
4206	2	4	34	\N	free
4207	2	5	34	\N	free
4208	2	6	34	\N	free
4209	2	7	34	\N	free
4210	2	8	34	\N	free
4211	2	9	34	\N	free
4212	2	10	34	\N	free
4213	3	1	34	\N	free
4214	3	2	34	\N	free
4215	3	3	34	\N	free
4216	3	4	34	\N	free
4217	3	5	34	\N	free
4218	3	6	34	\N	free
4219	3	7	34	\N	free
4220	3	8	34	\N	free
4221	3	9	34	\N	free
4222	3	10	34	\N	free
4223	4	1	34	\N	free
4224	4	2	34	\N	free
4225	4	3	34	\N	free
4226	4	4	34	\N	free
4227	4	5	34	\N	free
4228	4	6	34	\N	free
4229	4	7	34	\N	free
4230	4	8	34	\N	free
4231	4	9	34	\N	free
4232	4	10	34	\N	free
4233	5	1	34	\N	free
4234	5	2	34	\N	free
4235	5	3	34	\N	free
4236	5	4	34	\N	free
4237	5	5	34	\N	free
4238	5	6	34	\N	free
4239	5	7	34	\N	free
4240	5	8	34	\N	free
4241	5	9	34	\N	free
4242	5	10	34	\N	free
4243	6	1	34	\N	free
4244	6	2	34	\N	free
4245	6	3	34	\N	free
4246	6	4	34	\N	free
4247	6	5	34	\N	free
4248	6	6	34	\N	free
4249	6	7	34	\N	free
4250	6	8	34	\N	free
4251	6	9	34	\N	free
4252	6	10	34	\N	free
4253	7	1	34	\N	free
4254	7	2	34	\N	free
4255	7	3	34	\N	free
4256	7	4	34	\N	free
4257	7	5	34	\N	free
4258	7	6	34	\N	free
4259	7	7	34	\N	free
4260	7	8	34	\N	free
4261	7	9	34	\N	free
4262	7	10	34	\N	free
4263	8	1	34	\N	free
4264	8	2	34	\N	free
4265	8	3	34	\N	free
4266	8	4	34	\N	free
4267	8	5	34	\N	free
4268	8	6	34	\N	free
4269	8	7	34	\N	free
4270	8	8	34	\N	free
4271	8	9	34	\N	free
4272	8	10	34	\N	free
4273	9	1	34	\N	free
4274	9	2	34	\N	free
4275	9	3	34	\N	free
4276	9	4	34	\N	free
4277	9	5	34	\N	free
4278	9	6	34	\N	free
4279	9	7	34	\N	free
4280	9	8	34	\N	free
4281	9	9	34	\N	free
4282	9	10	34	\N	free
4283	10	1	34	\N	free
4284	10	2	34	\N	free
4285	10	3	34	\N	free
4286	10	4	34	\N	free
4287	10	5	34	\N	free
4288	10	6	34	\N	free
4289	10	7	34	\N	free
4290	10	8	34	\N	free
4291	10	9	34	\N	free
4292	10	10	34	\N	free
4293	1	1	35	\N	free
4294	1	2	35	\N	free
4295	1	3	35	\N	free
4296	1	4	35	\N	free
4297	1	5	35	\N	free
4298	1	6	35	\N	free
4299	1	7	35	\N	free
4300	1	8	35	\N	free
4301	1	9	35	\N	free
4302	1	10	35	\N	free
4303	2	1	35	\N	free
4304	2	2	35	\N	free
4305	2	3	35	\N	free
4306	2	4	35	\N	free
4307	2	5	35	\N	free
4308	2	6	35	\N	free
4309	2	7	35	\N	free
4310	2	8	35	\N	free
4311	2	9	35	\N	free
4312	2	10	35	\N	free
4313	3	1	35	\N	free
4314	3	2	35	\N	free
4315	3	3	35	\N	free
4316	3	4	35	\N	free
4317	3	5	35	\N	free
4318	3	6	35	\N	free
4319	3	7	35	\N	free
4320	3	8	35	\N	free
4321	3	9	35	\N	free
4322	3	10	35	\N	free
4323	4	1	35	\N	free
4324	4	2	35	\N	free
4325	4	3	35	\N	free
4326	4	4	35	\N	free
4327	4	5	35	\N	free
4328	4	6	35	\N	free
4329	4	7	35	\N	free
4330	4	8	35	\N	free
4331	4	9	35	\N	free
4332	4	10	35	\N	free
4333	5	1	35	\N	free
4334	5	2	35	\N	free
4335	5	3	35	\N	free
4336	5	4	35	\N	free
4337	5	5	35	\N	free
4338	5	6	35	\N	free
4339	5	7	35	\N	free
4340	5	8	35	\N	free
4341	5	9	35	\N	free
4342	5	10	35	\N	free
4343	6	1	35	\N	free
4344	6	2	35	\N	free
4345	6	3	35	\N	free
4346	6	4	35	\N	free
4347	6	5	35	\N	free
4348	6	6	35	\N	free
4349	6	7	35	\N	free
4350	6	8	35	\N	free
4351	6	9	35	\N	free
4352	6	10	35	\N	free
4353	7	1	35	\N	free
4354	7	2	35	\N	free
4355	7	3	35	\N	free
4356	7	4	35	\N	free
4357	7	5	35	\N	free
4358	7	6	35	\N	free
4359	7	7	35	\N	free
4360	7	8	35	\N	free
4361	7	9	35	\N	free
4362	7	10	35	\N	free
4363	8	1	35	\N	free
4364	8	2	35	\N	free
4365	8	3	35	\N	free
4366	8	4	35	\N	free
4367	8	5	35	\N	free
4368	8	6	35	\N	free
4369	8	7	35	\N	free
4370	8	8	35	\N	free
4371	8	9	35	\N	free
4372	8	10	35	\N	free
4373	9	1	35	\N	free
4374	9	2	35	\N	free
4375	9	3	35	\N	free
4376	9	4	35	\N	free
4377	9	5	35	\N	free
4378	9	6	35	\N	free
4379	9	7	35	\N	free
4380	9	8	35	\N	free
4381	9	9	35	\N	free
4382	9	10	35	\N	free
4383	10	1	35	\N	free
4384	10	2	35	\N	free
4385	10	3	35	\N	free
4386	10	4	35	\N	free
4387	10	5	35	\N	free
4388	10	6	35	\N	free
4389	10	7	35	\N	free
4390	10	8	35	\N	free
4391	10	9	35	\N	free
4392	10	10	35	\N	free
4393	1	1	36	\N	free
4394	1	2	36	\N	free
4395	1	3	36	\N	free
4396	1	4	36	\N	free
4397	1	5	36	\N	free
4398	1	6	36	\N	free
4399	1	7	36	\N	free
4400	1	8	36	\N	free
4401	1	9	36	\N	free
4402	1	10	36	\N	free
4403	2	1	36	\N	free
4404	2	2	36	\N	free
4405	2	3	36	\N	free
4406	2	4	36	\N	free
4407	2	5	36	\N	free
4408	2	6	36	\N	free
4409	2	7	36	\N	free
4410	2	8	36	\N	free
4411	2	9	36	\N	free
4412	2	10	36	\N	free
4413	3	1	36	\N	free
4414	3	2	36	\N	free
4415	3	3	36	\N	free
4416	3	4	36	\N	free
4417	3	5	36	\N	free
4418	3	6	36	\N	free
4419	3	7	36	\N	free
4420	3	8	36	\N	free
4421	3	9	36	\N	free
4422	3	10	36	\N	free
4423	4	1	36	\N	free
4424	4	2	36	\N	free
4425	4	3	36	\N	free
4426	4	4	36	\N	free
4427	4	5	36	\N	free
4428	4	6	36	\N	free
4429	4	7	36	\N	free
4430	4	8	36	\N	free
4431	4	9	36	\N	free
4432	4	10	36	\N	free
4433	5	1	36	\N	free
4434	5	2	36	\N	free
4435	5	3	36	\N	free
4436	5	4	36	\N	free
4437	5	5	36	\N	free
4438	5	6	36	\N	free
4439	5	7	36	\N	free
4440	5	8	36	\N	free
4441	5	9	36	\N	free
4442	5	10	36	\N	free
4443	6	1	36	\N	free
4444	6	2	36	\N	free
4445	6	3	36	\N	free
4446	6	4	36	\N	free
4447	6	5	36	\N	free
4448	6	6	36	\N	free
4449	6	7	36	\N	free
4450	6	8	36	\N	free
4451	6	9	36	\N	free
4452	6	10	36	\N	free
4453	7	1	36	\N	free
4454	7	2	36	\N	free
4455	7	3	36	\N	free
4456	7	4	36	\N	free
4457	7	5	36	\N	free
4458	7	6	36	\N	free
4459	7	7	36	\N	free
4460	7	8	36	\N	free
4461	7	9	36	\N	free
4462	7	10	36	\N	free
4463	8	1	36	\N	free
4464	8	2	36	\N	free
4465	8	3	36	\N	free
4466	8	4	36	\N	free
4467	8	5	36	\N	free
4468	8	6	36	\N	free
4469	8	7	36	\N	free
4470	8	8	36	\N	free
4471	8	9	36	\N	free
4472	8	10	36	\N	free
4473	9	1	36	\N	free
4474	9	2	36	\N	free
4475	9	3	36	\N	free
4476	9	4	36	\N	free
4477	9	5	36	\N	free
4478	9	6	36	\N	free
4479	9	7	36	\N	free
4480	9	8	36	\N	free
4481	9	9	36	\N	free
4482	9	10	36	\N	free
4483	10	1	36	\N	free
4484	10	2	36	\N	free
4485	10	3	36	\N	free
4486	10	4	36	\N	free
4487	10	5	36	\N	free
4488	10	6	36	\N	free
4489	10	7	36	\N	free
4490	10	8	36	\N	free
4491	10	9	36	\N	free
4492	10	10	36	\N	free
3365	3	3	26	2	booked
3366	3	4	26	2	booked
3368	3	6	26	2	bought
4493	1	1	37	\N	free
4494	1	2	37	\N	free
4495	1	3	37	\N	free
4496	1	4	37	\N	free
4497	1	5	37	\N	free
4498	1	6	37	\N	free
4499	1	7	37	\N	free
4500	1	8	37	\N	free
4501	1	9	37	\N	free
4502	1	10	37	\N	free
4503	1	11	37	\N	free
4504	1	12	37	\N	free
4505	1	13	37	\N	free
4506	1	14	37	\N	free
4507	1	15	37	\N	free
4508	1	16	37	\N	free
4509	1	17	37	\N	free
4510	1	18	37	\N	free
4511	1	19	37	\N	free
4512	1	20	37	\N	free
4513	1	21	37	\N	free
4514	1	22	37	\N	free
4515	1	23	37	\N	free
4516	1	24	37	\N	free
4517	1	25	37	\N	free
4518	1	26	37	\N	free
4519	1	27	37	\N	free
4520	1	28	37	\N	free
4521	1	29	37	\N	free
4522	1	30	37	\N	free
4523	1	31	37	\N	free
4524	1	32	37	\N	free
4525	1	33	37	\N	free
4526	1	34	37	\N	free
4527	1	35	37	\N	free
4528	1	36	37	\N	free
4529	1	37	37	\N	free
4530	1	38	37	\N	free
4531	1	39	37	\N	free
4532	1	40	37	\N	free
4533	1	41	37	\N	free
4534	1	42	37	\N	free
4535	1	43	37	\N	free
4536	1	44	37	\N	free
4537	2	1	37	\N	free
4538	2	2	37	\N	free
4539	2	3	37	\N	free
4540	2	4	37	\N	free
4541	2	5	37	\N	free
4542	2	6	37	\N	free
4543	2	7	37	\N	free
4544	2	8	37	\N	free
4545	2	9	37	\N	free
4546	2	10	37	\N	free
4547	2	11	37	\N	free
4548	2	12	37	\N	free
4549	2	13	37	\N	free
4550	2	14	37	\N	free
4551	2	15	37	\N	free
4552	2	16	37	\N	free
4553	2	17	37	\N	free
4554	2	18	37	\N	free
4555	2	19	37	\N	free
4556	2	20	37	\N	free
4557	2	21	37	\N	free
4558	2	22	37	\N	free
4559	2	23	37	\N	free
4560	2	24	37	\N	free
4561	2	25	37	\N	free
4562	2	26	37	\N	free
4563	2	27	37	\N	free
4564	2	28	37	\N	free
4565	2	29	37	\N	free
4566	2	30	37	\N	free
4567	2	31	37	\N	free
4568	2	32	37	\N	free
4569	2	33	37	\N	free
4570	2	34	37	\N	free
4571	2	35	37	\N	free
4572	2	36	37	\N	free
4573	2	37	37	\N	free
4574	2	38	37	\N	free
4575	2	39	37	\N	free
4576	2	40	37	\N	free
4577	2	41	37	\N	free
4578	2	42	37	\N	free
4579	2	43	37	\N	free
4580	2	44	37	\N	free
4581	3	1	37	\N	free
4582	3	2	37	\N	free
4583	3	3	37	\N	free
4584	3	4	37	\N	free
4585	3	5	37	\N	free
4586	3	6	37	\N	free
4587	3	7	37	\N	free
4588	3	8	37	\N	free
4589	3	9	37	\N	free
4590	3	10	37	\N	free
4591	3	11	37	\N	free
4592	3	12	37	\N	free
4593	3	13	37	\N	free
4594	3	14	37	\N	free
4595	3	15	37	\N	free
4596	3	16	37	\N	free
4597	3	17	37	\N	free
4598	3	18	37	\N	free
4599	3	19	37	\N	free
4600	3	20	37	\N	free
4601	3	21	37	\N	free
4602	3	22	37	\N	free
4603	3	23	37	\N	free
4604	3	24	37	\N	free
4605	3	25	37	\N	free
4606	3	26	37	\N	free
4607	3	27	37	\N	free
4608	3	28	37	\N	free
4609	3	29	37	\N	free
4610	3	30	37	\N	free
4611	3	31	37	\N	free
4612	3	32	37	\N	free
4613	3	33	37	\N	free
4614	3	34	37	\N	free
4615	3	35	37	\N	free
4616	3	36	37	\N	free
4617	3	37	37	\N	free
4618	3	38	37	\N	free
4619	3	39	37	\N	free
4620	3	40	37	\N	free
4621	3	41	37	\N	free
4622	3	42	37	\N	free
4623	3	43	37	\N	free
4624	3	44	37	\N	free
4625	4	1	37	\N	free
4626	4	2	37	\N	free
4627	4	3	37	\N	free
4628	4	4	37	\N	free
4629	4	5	37	\N	free
4630	4	6	37	\N	free
4631	4	7	37	\N	free
4632	4	8	37	\N	free
4633	4	9	37	\N	free
4634	4	10	37	\N	free
4635	4	11	37	\N	free
4636	4	12	37	\N	free
4637	4	13	37	\N	free
4638	4	14	37	\N	free
4639	4	15	37	\N	free
4640	4	16	37	\N	free
4641	4	17	37	\N	free
4642	4	18	37	\N	free
4643	4	19	37	\N	free
4644	4	20	37	\N	free
4645	4	21	37	\N	free
4646	4	22	37	\N	free
4647	4	23	37	\N	free
4648	4	24	37	\N	free
4649	4	25	37	\N	free
4650	4	26	37	\N	free
4651	4	27	37	\N	free
4652	4	28	37	\N	free
4653	4	29	37	\N	free
4654	4	30	37	\N	free
4655	4	31	37	\N	free
4656	4	32	37	\N	free
4657	4	33	37	\N	free
4658	4	34	37	\N	free
4659	4	35	37	\N	free
4660	4	36	37	\N	free
4661	4	37	37	\N	free
4662	4	38	37	\N	free
4663	4	39	37	\N	free
4664	4	40	37	\N	free
4665	4	41	37	\N	free
4666	4	42	37	\N	free
4667	4	43	37	\N	free
4668	4	44	37	\N	free
4669	5	1	37	\N	free
4670	5	2	37	\N	free
4671	5	3	37	\N	free
4672	5	4	37	\N	free
4673	5	5	37	\N	free
4674	5	6	37	\N	free
4675	5	7	37	\N	free
4676	5	8	37	\N	free
4677	5	9	37	\N	free
4678	5	10	37	\N	free
4679	5	11	37	\N	free
4680	5	12	37	\N	free
4681	5	13	37	\N	free
4682	5	14	37	\N	free
4683	5	15	37	\N	free
4684	5	16	37	\N	free
4685	5	17	37	\N	free
4686	5	18	37	\N	free
4687	5	19	37	\N	free
4688	5	20	37	\N	free
4689	5	21	37	\N	free
4690	5	22	37	\N	free
4691	5	23	37	\N	free
4692	5	24	37	\N	free
4693	5	25	37	\N	free
4694	5	26	37	\N	free
4695	5	27	37	\N	free
4696	5	28	37	\N	free
4697	5	29	37	\N	free
4698	5	30	37	\N	free
4699	5	31	37	\N	free
4700	5	32	37	\N	free
4701	5	33	37	\N	free
4702	5	34	37	\N	free
4703	5	35	37	\N	free
4704	5	36	37	\N	free
4705	5	37	37	\N	free
4706	5	38	37	\N	free
4707	5	39	37	\N	free
4708	5	40	37	\N	free
4709	5	41	37	\N	free
4710	5	42	37	\N	free
4711	5	43	37	\N	free
4712	5	44	37	\N	free
4713	6	1	37	\N	free
4714	6	2	37	\N	free
4715	6	3	37	\N	free
4716	6	4	37	\N	free
4717	6	5	37	\N	free
4718	6	6	37	\N	free
4719	6	7	37	\N	free
4720	6	8	37	\N	free
4721	6	9	37	\N	free
4722	6	10	37	\N	free
4723	6	11	37	\N	free
4724	6	12	37	\N	free
4725	6	13	37	\N	free
4726	6	14	37	\N	free
4727	6	15	37	\N	free
4728	6	16	37	\N	free
4729	6	17	37	\N	free
4730	6	18	37	\N	free
4731	6	19	37	\N	free
4732	6	20	37	\N	free
4733	6	21	37	\N	free
4734	6	22	37	\N	free
4735	6	23	37	\N	free
4736	6	24	37	\N	free
4737	6	25	37	\N	free
4738	6	26	37	\N	free
4739	6	27	37	\N	free
4740	6	28	37	\N	free
4741	6	29	37	\N	free
4742	6	30	37	\N	free
4743	6	31	37	\N	free
4744	6	32	37	\N	free
4745	6	33	37	\N	free
4746	6	34	37	\N	free
4747	6	35	37	\N	free
4748	6	36	37	\N	free
4749	6	37	37	\N	free
4750	6	38	37	\N	free
4751	6	39	37	\N	free
4752	6	40	37	\N	free
4753	6	41	37	\N	free
4754	6	42	37	\N	free
4755	6	43	37	\N	free
4756	6	44	37	\N	free
4757	7	1	37	\N	free
4758	7	2	37	\N	free
4759	7	3	37	\N	free
4760	7	4	37	\N	free
4761	7	5	37	\N	free
4762	7	6	37	\N	free
4763	7	7	37	\N	free
4764	7	8	37	\N	free
4765	7	9	37	\N	free
4766	7	10	37	\N	free
4767	7	11	37	\N	free
4768	7	12	37	\N	free
4769	7	13	37	\N	free
4770	7	14	37	\N	free
4771	7	15	37	\N	free
4772	7	16	37	\N	free
4773	7	17	37	\N	free
4774	7	18	37	\N	free
4775	7	19	37	\N	free
4776	7	20	37	\N	free
4777	7	21	37	\N	free
4778	7	22	37	\N	free
4779	7	23	37	\N	free
4780	7	24	37	\N	free
4781	7	25	37	\N	free
4782	7	26	37	\N	free
4783	7	27	37	\N	free
4784	7	28	37	\N	free
4785	7	29	37	\N	free
4786	7	30	37	\N	free
4787	7	31	37	\N	free
4788	7	32	37	\N	free
4789	7	33	37	\N	free
4790	7	34	37	\N	free
4791	7	35	37	\N	free
4792	7	36	37	\N	free
4793	7	37	37	\N	free
4794	7	38	37	\N	free
4795	7	39	37	\N	free
4796	7	40	37	\N	free
4797	7	41	37	\N	free
4798	7	42	37	\N	free
4799	7	43	37	\N	free
4800	7	44	37	\N	free
4801	8	1	37	\N	free
4802	8	2	37	\N	free
4803	8	3	37	\N	free
4804	8	4	37	\N	free
4805	8	5	37	\N	free
4806	8	6	37	\N	free
4807	8	7	37	\N	free
4808	8	8	37	\N	free
4809	8	9	37	\N	free
4810	8	10	37	\N	free
4811	8	11	37	\N	free
4812	8	12	37	\N	free
4813	8	13	37	\N	free
4814	8	14	37	\N	free
4815	8	15	37	\N	free
4816	8	16	37	\N	free
4817	8	17	37	\N	free
4818	8	18	37	\N	free
4819	8	19	37	\N	free
4820	8	20	37	\N	free
4821	8	21	37	\N	free
4822	8	22	37	\N	free
4823	8	23	37	\N	free
4824	8	24	37	\N	free
4825	8	25	37	\N	free
4826	8	26	37	\N	free
4827	8	27	37	\N	free
4828	8	28	37	\N	free
4829	8	29	37	\N	free
4830	8	30	37	\N	free
4831	8	31	37	\N	free
4832	8	32	37	\N	free
4833	8	33	37	\N	free
4834	8	34	37	\N	free
4835	8	35	37	\N	free
4836	8	36	37	\N	free
4837	8	37	37	\N	free
4838	8	38	37	\N	free
4839	8	39	37	\N	free
4840	8	40	37	\N	free
4841	8	41	37	\N	free
4842	8	42	37	\N	free
4843	8	43	37	\N	free
4844	8	44	37	\N	free
4845	9	1	37	\N	free
4846	9	2	37	\N	free
4847	9	3	37	\N	free
4848	9	4	37	\N	free
4849	9	5	37	\N	free
4850	9	6	37	\N	free
4851	9	7	37	\N	free
4852	9	8	37	\N	free
4853	9	9	37	\N	free
4854	9	10	37	\N	free
4855	9	11	37	\N	free
4856	9	12	37	\N	free
4857	9	13	37	\N	free
4858	9	14	37	\N	free
4859	9	15	37	\N	free
4860	9	16	37	\N	free
4861	9	17	37	\N	free
4862	9	18	37	\N	free
4863	9	19	37	\N	free
4864	9	20	37	\N	free
4865	9	21	37	\N	free
4866	9	22	37	\N	free
4867	9	23	37	\N	free
4868	9	24	37	\N	free
4869	9	25	37	\N	free
4870	9	26	37	\N	free
4871	9	27	37	\N	free
4872	9	28	37	\N	free
4873	9	29	37	\N	free
4874	9	30	37	\N	free
4875	9	31	37	\N	free
4876	9	32	37	\N	free
4877	9	33	37	\N	free
4878	9	34	37	\N	free
4879	9	35	37	\N	free
4880	9	36	37	\N	free
4881	9	37	37	\N	free
4882	9	38	37	\N	free
4883	9	39	37	\N	free
4884	9	40	37	\N	free
4885	9	41	37	\N	free
4886	9	42	37	\N	free
4887	9	43	37	\N	free
4888	9	44	37	\N	free
4889	10	1	37	\N	free
4890	10	2	37	\N	free
4891	10	3	37	\N	free
4892	10	4	37	\N	free
4893	10	5	37	\N	free
4894	10	6	37	\N	free
4895	10	7	37	\N	free
4896	10	8	37	\N	free
4897	10	9	37	\N	free
4898	10	10	37	\N	free
4899	10	11	37	\N	free
4900	10	12	37	\N	free
4901	10	13	37	\N	free
4902	10	14	37	\N	free
4903	10	15	37	\N	free
4904	10	16	37	\N	free
4905	10	17	37	\N	free
4906	10	18	37	\N	free
4907	10	19	37	\N	free
4908	10	20	37	\N	free
4909	10	21	37	\N	free
4910	10	22	37	\N	free
4911	10	23	37	\N	free
4912	10	24	37	\N	free
4913	10	25	37	\N	free
4914	10	26	37	\N	free
4915	10	27	37	\N	free
4916	10	28	37	\N	free
4917	10	29	37	\N	free
4918	10	30	37	\N	free
4919	10	31	37	\N	free
4920	10	32	37	\N	free
4921	10	33	37	\N	free
4922	10	34	37	\N	free
4923	10	35	37	\N	free
4924	10	36	37	\N	free
4925	10	37	37	\N	free
4926	10	38	37	\N	free
4927	10	39	37	\N	free
4928	10	40	37	\N	free
4929	10	41	37	\N	free
4930	10	42	37	\N	free
4931	10	43	37	\N	free
4932	10	44	37	\N	free
4933	11	1	37	\N	free
4934	11	2	37	\N	free
4935	11	3	37	\N	free
4936	11	4	37	\N	free
4937	11	5	37	\N	free
4938	11	6	37	\N	free
4939	11	7	37	\N	free
4940	11	8	37	\N	free
4941	11	9	37	\N	free
4942	11	10	37	\N	free
4943	11	11	37	\N	free
4944	11	12	37	\N	free
4945	11	13	37	\N	free
4946	11	14	37	\N	free
4947	11	15	37	\N	free
4948	11	16	37	\N	free
4949	11	17	37	\N	free
4950	11	18	37	\N	free
4951	11	19	37	\N	free
4952	11	20	37	\N	free
4953	11	21	37	\N	free
4954	11	22	37	\N	free
4955	11	23	37	\N	free
4956	11	24	37	\N	free
4957	11	25	37	\N	free
4958	11	26	37	\N	free
4959	11	27	37	\N	free
4960	11	28	37	\N	free
4961	11	29	37	\N	free
4962	11	30	37	\N	free
4963	11	31	37	\N	free
4964	11	32	37	\N	free
4965	11	33	37	\N	free
4966	11	34	37	\N	free
4967	11	35	37	\N	free
4968	11	36	37	\N	free
4969	11	37	37	\N	free
4970	11	38	37	\N	free
4971	11	39	37	\N	free
4972	11	40	37	\N	free
4973	11	41	37	\N	free
4974	11	42	37	\N	free
4975	11	43	37	\N	free
4976	11	44	37	\N	free
4977	12	1	37	\N	free
4978	12	2	37	\N	free
4979	12	3	37	\N	free
4980	12	4	37	\N	free
4981	12	5	37	\N	free
4982	12	6	37	\N	free
4983	12	7	37	\N	free
4984	12	8	37	\N	free
4985	12	9	37	\N	free
4986	12	10	37	\N	free
4987	12	11	37	\N	free
4988	12	12	37	\N	free
4989	12	13	37	\N	free
4990	12	14	37	\N	free
4991	12	15	37	\N	free
4992	12	16	37	\N	free
4993	12	17	37	\N	free
4994	12	18	37	\N	free
4995	12	19	37	\N	free
4996	12	20	37	\N	free
4997	12	21	37	\N	free
4998	12	22	37	\N	free
4999	12	23	37	\N	free
5000	12	24	37	\N	free
5001	12	25	37	\N	free
5002	12	26	37	\N	free
5003	12	27	37	\N	free
5004	12	28	37	\N	free
5005	12	29	37	\N	free
5006	12	30	37	\N	free
5007	12	31	37	\N	free
5008	12	32	37	\N	free
5009	12	33	37	\N	free
5010	12	34	37	\N	free
5011	12	35	37	\N	free
5012	12	36	37	\N	free
5013	12	37	37	\N	free
5014	12	38	37	\N	free
5015	12	39	37	\N	free
5016	12	40	37	\N	free
5017	12	41	37	\N	free
5018	12	42	37	\N	free
5019	12	43	37	\N	free
5020	12	44	37	\N	free
5021	13	1	37	\N	free
5022	13	2	37	\N	free
5023	13	3	37	\N	free
5024	13	4	37	\N	free
5025	13	5	37	\N	free
5026	13	6	37	\N	free
5027	13	7	37	\N	free
5028	13	8	37	\N	free
5029	13	9	37	\N	free
5030	13	10	37	\N	free
5031	13	11	37	\N	free
5032	13	12	37	\N	free
5033	13	13	37	\N	free
5034	13	14	37	\N	free
5035	13	15	37	\N	free
5036	13	16	37	\N	free
5037	13	17	37	\N	free
5038	13	18	37	\N	free
5039	13	19	37	\N	free
5040	13	20	37	\N	free
5041	13	21	37	\N	free
5042	13	22	37	\N	free
5043	13	23	37	\N	free
5044	13	24	37	\N	free
5045	13	25	37	\N	free
5046	13	26	37	\N	free
5047	13	27	37	\N	free
5048	13	28	37	\N	free
5049	13	29	37	\N	free
5050	13	30	37	\N	free
5051	13	31	37	\N	free
5052	13	32	37	\N	free
5053	13	33	37	\N	free
5054	13	34	37	\N	free
5055	13	35	37	\N	free
5056	13	36	37	\N	free
5057	13	37	37	\N	free
5058	13	38	37	\N	free
5059	13	39	37	\N	free
5060	13	40	37	\N	free
5061	13	41	37	\N	free
5062	13	42	37	\N	free
5063	13	43	37	\N	free
5064	13	44	37	\N	free
5065	14	1	37	\N	free
5066	14	2	37	\N	free
5067	14	3	37	\N	free
5068	14	4	37	\N	free
5069	14	5	37	\N	free
5070	14	6	37	\N	free
5071	14	7	37	\N	free
5072	14	8	37	\N	free
5073	14	9	37	\N	free
5074	14	10	37	\N	free
5075	14	11	37	\N	free
5076	14	12	37	\N	free
5077	14	13	37	\N	free
5078	14	14	37	\N	free
5079	14	15	37	\N	free
5080	14	16	37	\N	free
5081	14	17	37	\N	free
5082	14	18	37	\N	free
5083	14	19	37	\N	free
5084	14	20	37	\N	free
5085	14	21	37	\N	free
5086	14	22	37	\N	free
5087	14	23	37	\N	free
5088	14	24	37	\N	free
5089	14	25	37	\N	free
5090	14	26	37	\N	free
5091	14	27	37	\N	free
5092	14	28	37	\N	free
5093	14	29	37	\N	free
5094	14	30	37	\N	free
5095	14	31	37	\N	free
5096	14	32	37	\N	free
5097	14	33	37	\N	free
5098	14	34	37	\N	free
5099	14	35	37	\N	free
5100	14	36	37	\N	free
5101	14	37	37	\N	free
5102	14	38	37	\N	free
5103	14	39	37	\N	free
5104	14	40	37	\N	free
5105	14	41	37	\N	free
5106	14	42	37	\N	free
5107	14	43	37	\N	free
5108	14	44	37	\N	free
5109	15	1	37	\N	free
5110	15	2	37	\N	free
5111	15	3	37	\N	free
5112	15	4	37	\N	free
5113	15	5	37	\N	free
5114	15	6	37	\N	free
5115	15	7	37	\N	free
5116	15	8	37	\N	free
5117	15	9	37	\N	free
5118	15	10	37	\N	free
5119	15	11	37	\N	free
5120	15	12	37	\N	free
5121	15	13	37	\N	free
5122	15	14	37	\N	free
5123	15	15	37	\N	free
5124	15	16	37	\N	free
5125	15	17	37	\N	free
5126	15	18	37	\N	free
5127	15	19	37	\N	free
5128	15	20	37	\N	free
5129	15	21	37	\N	free
5130	15	22	37	\N	free
5131	15	23	37	\N	free
5132	15	24	37	\N	free
5133	15	25	37	\N	free
5134	15	26	37	\N	free
5135	15	27	37	\N	free
5136	15	28	37	\N	free
5137	15	29	37	\N	free
5138	15	30	37	\N	free
5139	15	31	37	\N	free
5140	15	32	37	\N	free
5141	15	33	37	\N	free
5142	15	34	37	\N	free
5143	15	35	37	\N	free
5144	15	36	37	\N	free
5145	15	37	37	\N	free
5146	15	38	37	\N	free
5147	15	39	37	\N	free
5148	15	40	37	\N	free
5149	15	41	37	\N	free
5150	15	42	37	\N	free
5151	15	43	37	\N	free
5152	15	44	37	\N	free
5153	16	1	37	\N	free
5154	16	2	37	\N	free
5155	16	3	37	\N	free
5156	16	4	37	\N	free
5157	16	5	37	\N	free
5158	16	6	37	\N	free
5159	16	7	37	\N	free
5160	16	8	37	\N	free
5161	16	9	37	\N	free
5162	16	10	37	\N	free
5163	16	11	37	\N	free
5164	16	12	37	\N	free
5165	16	13	37	\N	free
5166	16	14	37	\N	free
5167	16	15	37	\N	free
5168	16	16	37	\N	free
5169	16	17	37	\N	free
5170	16	18	37	\N	free
5171	16	19	37	\N	free
5172	16	20	37	\N	free
5173	16	21	37	\N	free
5174	16	22	37	\N	free
5175	16	23	37	\N	free
5176	16	24	37	\N	free
5177	16	25	37	\N	free
5178	16	26	37	\N	free
5179	16	27	37	\N	free
5180	16	28	37	\N	free
5181	16	29	37	\N	free
5182	16	30	37	\N	free
5183	16	31	37	\N	free
5184	16	32	37	\N	free
5185	16	33	37	\N	free
5186	16	34	37	\N	free
5187	16	35	37	\N	free
5188	16	36	37	\N	free
5189	16	37	37	\N	free
5190	16	38	37	\N	free
5191	16	39	37	\N	free
5192	16	40	37	\N	free
5193	16	41	37	\N	free
5194	16	42	37	\N	free
5195	16	43	37	\N	free
5196	16	44	37	\N	free
5197	17	1	37	\N	free
5198	17	2	37	\N	free
5199	17	3	37	\N	free
5200	17	4	37	\N	free
5201	17	5	37	\N	free
5202	17	6	37	\N	free
5203	17	7	37	\N	free
5204	17	8	37	\N	free
5205	17	9	37	\N	free
5206	17	10	37	\N	free
5207	17	11	37	\N	free
5208	17	12	37	\N	free
5209	17	13	37	\N	free
5210	17	14	37	\N	free
5211	17	15	37	\N	free
5212	17	16	37	\N	free
5213	17	17	37	\N	free
5214	17	18	37	\N	free
5215	17	19	37	\N	free
5216	17	20	37	\N	free
5217	17	21	37	\N	free
5218	17	22	37	\N	free
5219	17	23	37	\N	free
5220	17	24	37	\N	free
5221	17	25	37	\N	free
5222	17	26	37	\N	free
5223	17	27	37	\N	free
5224	17	28	37	\N	free
5225	17	29	37	\N	free
5226	17	30	37	\N	free
5227	17	31	37	\N	free
5228	17	32	37	\N	free
5229	17	33	37	\N	free
5230	17	34	37	\N	free
5231	17	35	37	\N	free
5232	17	36	37	\N	free
5233	17	37	37	\N	free
5234	17	38	37	\N	free
5235	17	39	37	\N	free
5236	17	40	37	\N	free
5237	17	41	37	\N	free
5238	17	42	37	\N	free
5239	17	43	37	\N	free
5240	17	44	37	\N	free
5241	18	1	37	\N	free
5242	18	2	37	\N	free
5243	18	3	37	\N	free
5244	18	4	37	\N	free
5245	18	5	37	\N	free
5246	18	6	37	\N	free
5247	18	7	37	\N	free
5248	18	8	37	\N	free
5249	18	9	37	\N	free
5250	18	10	37	\N	free
5251	18	11	37	\N	free
5252	18	12	37	\N	free
5253	18	13	37	\N	free
5254	18	14	37	\N	free
5255	18	15	37	\N	free
5256	18	16	37	\N	free
5257	18	17	37	\N	free
5258	18	18	37	\N	free
5259	18	19	37	\N	free
5260	18	20	37	\N	free
5261	18	21	37	\N	free
5262	18	22	37	\N	free
5263	18	23	37	\N	free
5264	18	24	37	\N	free
5265	18	25	37	\N	free
5266	18	26	37	\N	free
5267	18	27	37	\N	free
5268	18	28	37	\N	free
5269	18	29	37	\N	free
5270	18	30	37	\N	free
5271	18	31	37	\N	free
5272	18	32	37	\N	free
5273	18	33	37	\N	free
5274	18	34	37	\N	free
5275	18	35	37	\N	free
5276	18	36	37	\N	free
5277	18	37	37	\N	free
5278	18	38	37	\N	free
5279	18	39	37	\N	free
5280	18	40	37	\N	free
5281	18	41	37	\N	free
5282	18	42	37	\N	free
5283	18	43	37	\N	free
5284	18	44	37	\N	free
5285	19	1	37	\N	free
5286	19	2	37	\N	free
5287	19	3	37	\N	free
5288	19	4	37	\N	free
5289	19	5	37	\N	free
5290	19	6	37	\N	free
5291	19	7	37	\N	free
5292	19	8	37	\N	free
5293	19	9	37	\N	free
5294	19	10	37	\N	free
5295	19	11	37	\N	free
5296	19	12	37	\N	free
5297	19	13	37	\N	free
5298	19	14	37	\N	free
5299	19	15	37	\N	free
5300	19	16	37	\N	free
5301	19	17	37	\N	free
5302	19	18	37	\N	free
5303	19	19	37	\N	free
5304	19	20	37	\N	free
5305	19	21	37	\N	free
5306	19	22	37	\N	free
5307	19	23	37	\N	free
5308	19	24	37	\N	free
5309	19	25	37	\N	free
5310	19	26	37	\N	free
5311	19	27	37	\N	free
5312	19	28	37	\N	free
5313	19	29	37	\N	free
5314	19	30	37	\N	free
5315	19	31	37	\N	free
5316	19	32	37	\N	free
5317	19	33	37	\N	free
5318	19	34	37	\N	free
5319	19	35	37	\N	free
5320	19	36	37	\N	free
5321	19	37	37	\N	free
5322	19	38	37	\N	free
5323	19	39	37	\N	free
5324	19	40	37	\N	free
5325	19	41	37	\N	free
5326	19	42	37	\N	free
5327	19	43	37	\N	free
5328	19	44	37	\N	free
5329	20	1	37	\N	free
5330	20	2	37	\N	free
5331	20	3	37	\N	free
5332	20	4	37	\N	free
5333	20	5	37	\N	free
5334	20	6	37	\N	free
5335	20	7	37	\N	free
5336	20	8	37	\N	free
5337	20	9	37	\N	free
5338	20	10	37	\N	free
5339	20	11	37	\N	free
5340	20	12	37	\N	free
5341	20	13	37	\N	free
5342	20	14	37	\N	free
5343	20	15	37	\N	free
5344	20	16	37	\N	free
5345	20	17	37	\N	free
5346	20	18	37	\N	free
5347	20	19	37	\N	free
5348	20	20	37	\N	free
5349	20	21	37	\N	free
5350	20	22	37	\N	free
5351	20	23	37	\N	free
5352	20	24	37	\N	free
5353	20	25	37	\N	free
5354	20	26	37	\N	free
5355	20	27	37	\N	free
5356	20	28	37	\N	free
5357	20	29	37	\N	free
5358	20	30	37	\N	free
5359	20	31	37	\N	free
5360	20	32	37	\N	free
5361	20	33	37	\N	free
5362	20	34	37	\N	free
5363	20	35	37	\N	free
5364	20	36	37	\N	free
5365	20	37	37	\N	free
5366	20	38	37	\N	free
5367	20	39	37	\N	free
5368	20	40	37	\N	free
5369	20	41	37	\N	free
5370	20	42	37	\N	free
5371	20	43	37	\N	free
5372	20	44	37	\N	free
5373	21	1	37	\N	free
5374	21	2	37	\N	free
5375	21	3	37	\N	free
5376	21	4	37	\N	free
5377	21	5	37	\N	free
5378	21	6	37	\N	free
5379	21	7	37	\N	free
5380	21	8	37	\N	free
5381	21	9	37	\N	free
5382	21	10	37	\N	free
5383	21	11	37	\N	free
5384	21	12	37	\N	free
5385	21	13	37	\N	free
5386	21	14	37	\N	free
5387	21	15	37	\N	free
5388	21	16	37	\N	free
5389	21	17	37	\N	free
5390	21	18	37	\N	free
5391	21	19	37	\N	free
5392	21	20	37	\N	free
5393	21	21	37	\N	free
5394	21	22	37	\N	free
5395	21	23	37	\N	free
5396	21	24	37	\N	free
5397	21	25	37	\N	free
5398	21	26	37	\N	free
5399	21	27	37	\N	free
5400	21	28	37	\N	free
5401	21	29	37	\N	free
5402	21	30	37	\N	free
5403	21	31	37	\N	free
5404	21	32	37	\N	free
5405	21	33	37	\N	free
5406	21	34	37	\N	free
5407	21	35	37	\N	free
5408	21	36	37	\N	free
5409	21	37	37	\N	free
5410	21	38	37	\N	free
5411	21	39	37	\N	free
5412	21	40	37	\N	free
5413	21	41	37	\N	free
5414	21	42	37	\N	free
5415	21	43	37	\N	free
5416	21	44	37	\N	free
5417	22	1	37	\N	free
5418	22	2	37	\N	free
5419	22	3	37	\N	free
5420	22	4	37	\N	free
5421	22	5	37	\N	free
5422	22	6	37	\N	free
5423	22	7	37	\N	free
5424	22	8	37	\N	free
5425	22	9	37	\N	free
5426	22	10	37	\N	free
5427	22	11	37	\N	free
5428	22	12	37	\N	free
5429	22	13	37	\N	free
5430	22	14	37	\N	free
5431	22	15	37	\N	free
5432	22	16	37	\N	free
5433	22	17	37	\N	free
5434	22	18	37	\N	free
5435	22	19	37	\N	free
5436	22	20	37	\N	free
5437	22	21	37	\N	free
5438	22	22	37	\N	free
5439	22	23	37	\N	free
5440	22	24	37	\N	free
5441	22	25	37	\N	free
5442	22	26	37	\N	free
5443	22	27	37	\N	free
5444	22	28	37	\N	free
5445	22	29	37	\N	free
5446	22	30	37	\N	free
5447	22	31	37	\N	free
5448	22	32	37	\N	free
5449	22	33	37	\N	free
5450	22	34	37	\N	free
5451	22	35	37	\N	free
5452	22	36	37	\N	free
5453	22	37	37	\N	free
5454	22	38	37	\N	free
5455	22	39	37	\N	free
5456	22	40	37	\N	free
5457	22	41	37	\N	free
5458	22	42	37	\N	free
5459	22	43	37	\N	free
5460	22	44	37	\N	free
5461	23	1	37	\N	free
5462	23	2	37	\N	free
5463	23	3	37	\N	free
5464	23	4	37	\N	free
5465	23	5	37	\N	free
5466	23	6	37	\N	free
5467	23	7	37	\N	free
5468	23	8	37	\N	free
5469	23	9	37	\N	free
5470	23	10	37	\N	free
5471	23	11	37	\N	free
5472	23	12	37	\N	free
5473	23	13	37	\N	free
5474	23	14	37	\N	free
5475	23	15	37	\N	free
5476	23	16	37	\N	free
5477	23	17	37	\N	free
5478	23	18	37	\N	free
5479	23	19	37	\N	free
5480	23	20	37	\N	free
5481	23	21	37	\N	free
5482	23	22	37	\N	free
5483	23	23	37	\N	free
5484	23	24	37	\N	free
5485	23	25	37	\N	free
5486	23	26	37	\N	free
5487	23	27	37	\N	free
5488	23	28	37	\N	free
5489	23	29	37	\N	free
5490	23	30	37	\N	free
5491	23	31	37	\N	free
5492	23	32	37	\N	free
5493	23	33	37	\N	free
5494	23	34	37	\N	free
5495	23	35	37	\N	free
5496	23	36	37	\N	free
5497	23	37	37	\N	free
5498	23	38	37	\N	free
5499	23	39	37	\N	free
5500	23	40	37	\N	free
5501	23	41	37	\N	free
5502	23	42	37	\N	free
5503	23	43	37	\N	free
5504	23	44	37	\N	free
5505	24	1	37	\N	free
5506	24	2	37	\N	free
5507	24	3	37	\N	free
5508	24	4	37	\N	free
5509	24	5	37	\N	free
5510	24	6	37	\N	free
5511	24	7	37	\N	free
5512	24	8	37	\N	free
5513	24	9	37	\N	free
5514	24	10	37	\N	free
5515	24	11	37	\N	free
5516	24	12	37	\N	free
5517	24	13	37	\N	free
5518	24	14	37	\N	free
5519	24	15	37	\N	free
5520	24	16	37	\N	free
5521	24	17	37	\N	free
5522	24	18	37	\N	free
5523	24	19	37	\N	free
5524	24	20	37	\N	free
5525	24	21	37	\N	free
5526	24	22	37	\N	free
5527	24	23	37	\N	free
5528	24	24	37	\N	free
5529	24	25	37	\N	free
5530	24	26	37	\N	free
5531	24	27	37	\N	free
5532	24	28	37	\N	free
5533	24	29	37	\N	free
5534	24	30	37	\N	free
5535	24	31	37	\N	free
5536	24	32	37	\N	free
5537	24	33	37	\N	free
5538	24	34	37	\N	free
5539	24	35	37	\N	free
5540	24	36	37	\N	free
5541	24	37	37	\N	free
5542	24	38	37	\N	free
5543	24	39	37	\N	free
5544	24	40	37	\N	free
5545	24	41	37	\N	free
5546	24	42	37	\N	free
5547	24	43	37	\N	free
5548	24	44	37	\N	free
5549	25	1	37	\N	free
5550	25	2	37	\N	free
5551	25	3	37	\N	free
5552	25	4	37	\N	free
5553	25	5	37	\N	free
5554	25	6	37	\N	free
5555	25	7	37	\N	free
5556	25	8	37	\N	free
5557	25	9	37	\N	free
5558	25	10	37	\N	free
5559	25	11	37	\N	free
5560	25	12	37	\N	free
5561	25	13	37	\N	free
5562	25	14	37	\N	free
5563	25	15	37	\N	free
5564	25	16	37	\N	free
5565	25	17	37	\N	free
5566	25	18	37	\N	free
5567	25	19	37	\N	free
5568	25	20	37	\N	free
5569	25	21	37	\N	free
5570	25	22	37	\N	free
5571	25	23	37	\N	free
5572	25	24	37	\N	free
5573	25	25	37	\N	free
5574	25	26	37	\N	free
5575	25	27	37	\N	free
5576	25	28	37	\N	free
5577	25	29	37	\N	free
5578	25	30	37	\N	free
5579	25	31	37	\N	free
5580	25	32	37	\N	free
5581	25	33	37	\N	free
5582	25	34	37	\N	free
5583	25	35	37	\N	free
5584	25	36	37	\N	free
5585	25	37	37	\N	free
5586	25	38	37	\N	free
5587	25	39	37	\N	free
5588	25	40	37	\N	free
5589	25	41	37	\N	free
5590	25	42	37	\N	free
5591	25	43	37	\N	free
5592	25	44	37	\N	free
5593	26	1	37	\N	free
5594	26	2	37	\N	free
5595	26	3	37	\N	free
5596	26	4	37	\N	free
5597	26	5	37	\N	free
5598	26	6	37	\N	free
5599	26	7	37	\N	free
5600	26	8	37	\N	free
5601	26	9	37	\N	free
5602	26	10	37	\N	free
5603	26	11	37	\N	free
5604	26	12	37	\N	free
5605	26	13	37	\N	free
5606	26	14	37	\N	free
5607	26	15	37	\N	free
5608	26	16	37	\N	free
5609	26	17	37	\N	free
5610	26	18	37	\N	free
5611	26	19	37	\N	free
5612	26	20	37	\N	free
5613	26	21	37	\N	free
5614	26	22	37	\N	free
5615	26	23	37	\N	free
5616	26	24	37	\N	free
5617	26	25	37	\N	free
5618	26	26	37	\N	free
5619	26	27	37	\N	free
5620	26	28	37	\N	free
5621	26	29	37	\N	free
5622	26	30	37	\N	free
5623	26	31	37	\N	free
5624	26	32	37	\N	free
5625	26	33	37	\N	free
5626	26	34	37	\N	free
5627	26	35	37	\N	free
5628	26	36	37	\N	free
5629	26	37	37	\N	free
5630	26	38	37	\N	free
5631	26	39	37	\N	free
5632	26	40	37	\N	free
5633	26	41	37	\N	free
5634	26	42	37	\N	free
5635	26	43	37	\N	free
5636	26	44	37	\N	free
5637	27	1	37	\N	free
5638	27	2	37	\N	free
5639	27	3	37	\N	free
5640	27	4	37	\N	free
5641	27	5	37	\N	free
5642	27	6	37	\N	free
5643	27	7	37	\N	free
5644	27	8	37	\N	free
5645	27	9	37	\N	free
5646	27	10	37	\N	free
5647	27	11	37	\N	free
5648	27	12	37	\N	free
5649	27	13	37	\N	free
5650	27	14	37	\N	free
5651	27	15	37	\N	free
5652	27	16	37	\N	free
5653	27	17	37	\N	free
5654	27	18	37	\N	free
5655	27	19	37	\N	free
5656	27	20	37	\N	free
5657	27	21	37	\N	free
5658	27	22	37	\N	free
5659	27	23	37	\N	free
5660	27	24	37	\N	free
5661	27	25	37	\N	free
5662	27	26	37	\N	free
5663	27	27	37	\N	free
5664	27	28	37	\N	free
5665	27	29	37	\N	free
5666	27	30	37	\N	free
5667	27	31	37	\N	free
5668	27	32	37	\N	free
5669	27	33	37	\N	free
5670	27	34	37	\N	free
5671	27	35	37	\N	free
5672	27	36	37	\N	free
5673	27	37	37	\N	free
5674	27	38	37	\N	free
5675	27	39	37	\N	free
5676	27	40	37	\N	free
5677	27	41	37	\N	free
5678	27	42	37	\N	free
5679	27	43	37	\N	free
5680	27	44	37	\N	free
5681	28	1	37	\N	free
5682	28	2	37	\N	free
5683	28	3	37	\N	free
5684	28	4	37	\N	free
5685	28	5	37	\N	free
5686	28	6	37	\N	free
5687	28	7	37	\N	free
5688	28	8	37	\N	free
5689	28	9	37	\N	free
5690	28	10	37	\N	free
5691	28	11	37	\N	free
5692	28	12	37	\N	free
5693	28	13	37	\N	free
5694	28	14	37	\N	free
5695	28	15	37	\N	free
5696	28	16	37	\N	free
5697	28	17	37	\N	free
5698	28	18	37	\N	free
5699	28	19	37	\N	free
5700	28	20	37	\N	free
5701	28	21	37	\N	free
5702	28	22	37	\N	free
5703	28	23	37	\N	free
5704	28	24	37	\N	free
5705	28	25	37	\N	free
5706	28	26	37	\N	free
5707	28	27	37	\N	free
5708	28	28	37	\N	free
5709	28	29	37	\N	free
5710	28	30	37	\N	free
5711	28	31	37	\N	free
5712	28	32	37	\N	free
5713	28	33	37	\N	free
5714	28	34	37	\N	free
5715	28	35	37	\N	free
5716	28	36	37	\N	free
5717	28	37	37	\N	free
5718	28	38	37	\N	free
5719	28	39	37	\N	free
5720	28	40	37	\N	free
5721	28	41	37	\N	free
5722	28	42	37	\N	free
5723	28	43	37	\N	free
5724	28	44	37	\N	free
5725	29	1	37	\N	free
5726	29	2	37	\N	free
5727	29	3	37	\N	free
5728	29	4	37	\N	free
5729	29	5	37	\N	free
5730	29	6	37	\N	free
5731	29	7	37	\N	free
5732	29	8	37	\N	free
5733	29	9	37	\N	free
5734	29	10	37	\N	free
5735	29	11	37	\N	free
5736	29	12	37	\N	free
5737	29	13	37	\N	free
5738	29	14	37	\N	free
5739	29	15	37	\N	free
5740	29	16	37	\N	free
5741	29	17	37	\N	free
5742	29	18	37	\N	free
5743	29	19	37	\N	free
5744	29	20	37	\N	free
5745	29	21	37	\N	free
5746	29	22	37	\N	free
5747	29	23	37	\N	free
5748	29	24	37	\N	free
5749	29	25	37	\N	free
5750	29	26	37	\N	free
5751	29	27	37	\N	free
5752	29	28	37	\N	free
5753	29	29	37	\N	free
5754	29	30	37	\N	free
5755	29	31	37	\N	free
5756	29	32	37	\N	free
5757	29	33	37	\N	free
5758	29	34	37	\N	free
5759	29	35	37	\N	free
5760	29	36	37	\N	free
5761	29	37	37	\N	free
5762	29	38	37	\N	free
5763	29	39	37	\N	free
5764	29	40	37	\N	free
5765	29	41	37	\N	free
5766	29	42	37	\N	free
5767	29	43	37	\N	free
5768	29	44	37	\N	free
5769	30	1	37	\N	free
5770	30	2	37	\N	free
5771	30	3	37	\N	free
5772	30	4	37	\N	free
5773	30	5	37	\N	free
5774	30	6	37	\N	free
5775	30	7	37	\N	free
5776	30	8	37	\N	free
5777	30	9	37	\N	free
5778	30	10	37	\N	free
5779	30	11	37	\N	free
5780	30	12	37	\N	free
5781	30	13	37	\N	free
5782	30	14	37	\N	free
5783	30	15	37	\N	free
5784	30	16	37	\N	free
5785	30	17	37	\N	free
5786	30	18	37	\N	free
5787	30	19	37	\N	free
5788	30	20	37	\N	free
5789	30	21	37	\N	free
5790	30	22	37	\N	free
5791	30	23	37	\N	free
5792	30	24	37	\N	free
5793	30	25	37	\N	free
5794	30	26	37	\N	free
5795	30	27	37	\N	free
5796	30	28	37	\N	free
5797	30	29	37	\N	free
5798	30	30	37	\N	free
5799	30	31	37	\N	free
5800	30	32	37	\N	free
5801	30	33	37	\N	free
5802	30	34	37	\N	free
5803	30	35	37	\N	free
5804	30	36	37	\N	free
5805	30	37	37	\N	free
5806	30	38	37	\N	free
5807	30	39	37	\N	free
5808	30	40	37	\N	free
5809	30	41	37	\N	free
5810	30	42	37	\N	free
5811	30	43	37	\N	free
5812	30	44	37	\N	free
5813	31	1	37	\N	free
5814	31	2	37	\N	free
5815	31	3	37	\N	free
5816	31	4	37	\N	free
5817	31	5	37	\N	free
5818	31	6	37	\N	free
5819	31	7	37	\N	free
5820	31	8	37	\N	free
5821	31	9	37	\N	free
5822	31	10	37	\N	free
5823	31	11	37	\N	free
5824	31	12	37	\N	free
5825	31	13	37	\N	free
5826	31	14	37	\N	free
5827	31	15	37	\N	free
5828	31	16	37	\N	free
5829	31	17	37	\N	free
5830	31	18	37	\N	free
5831	31	19	37	\N	free
5832	31	20	37	\N	free
5833	31	21	37	\N	free
5834	31	22	37	\N	free
5835	31	23	37	\N	free
5836	31	24	37	\N	free
5837	31	25	37	\N	free
5838	31	26	37	\N	free
5839	31	27	37	\N	free
5840	31	28	37	\N	free
5841	31	29	37	\N	free
5842	31	30	37	\N	free
5843	31	31	37	\N	free
5844	31	32	37	\N	free
5845	31	33	37	\N	free
5846	31	34	37	\N	free
5847	31	35	37	\N	free
5848	31	36	37	\N	free
5849	31	37	37	\N	free
5850	31	38	37	\N	free
5851	31	39	37	\N	free
5852	31	40	37	\N	free
5853	31	41	37	\N	free
5854	31	42	37	\N	free
5855	31	43	37	\N	free
5856	31	44	37	\N	free
5857	32	1	37	\N	free
5858	32	2	37	\N	free
5859	32	3	37	\N	free
5860	32	4	37	\N	free
5861	32	5	37	\N	free
5862	32	6	37	\N	free
5863	32	7	37	\N	free
5864	32	8	37	\N	free
5865	32	9	37	\N	free
5866	32	10	37	\N	free
5867	32	11	37	\N	free
5868	32	12	37	\N	free
5869	32	13	37	\N	free
5870	32	14	37	\N	free
5871	32	15	37	\N	free
5872	32	16	37	\N	free
5873	32	17	37	\N	free
5874	32	18	37	\N	free
5875	32	19	37	\N	free
5876	32	20	37	\N	free
5877	32	21	37	\N	free
5878	32	22	37	\N	free
5879	32	23	37	\N	free
5880	32	24	37	\N	free
5881	32	25	37	\N	free
5882	32	26	37	\N	free
5883	32	27	37	\N	free
5884	32	28	37	\N	free
5885	32	29	37	\N	free
5886	32	30	37	\N	free
5887	32	31	37	\N	free
5888	32	32	37	\N	free
5889	32	33	37	\N	free
5890	32	34	37	\N	free
5891	32	35	37	\N	free
5892	32	36	37	\N	free
5893	32	37	37	\N	free
5894	32	38	37	\N	free
5895	32	39	37	\N	free
5896	32	40	37	\N	free
5897	32	41	37	\N	free
5898	32	42	37	\N	free
5899	32	43	37	\N	free
5900	32	44	37	\N	free
5901	33	1	37	\N	free
5902	33	2	37	\N	free
5903	33	3	37	\N	free
5904	33	4	37	\N	free
5905	33	5	37	\N	free
5906	33	6	37	\N	free
5907	33	7	37	\N	free
5908	33	8	37	\N	free
5909	33	9	37	\N	free
5910	33	10	37	\N	free
5911	33	11	37	\N	free
5912	33	12	37	\N	free
5913	33	13	37	\N	free
5914	33	14	37	\N	free
5915	33	15	37	\N	free
5916	33	16	37	\N	free
5917	33	17	37	\N	free
5918	33	18	37	\N	free
5919	33	19	37	\N	free
5920	33	20	37	\N	free
5921	33	21	37	\N	free
5922	33	22	37	\N	free
5923	33	23	37	\N	free
5924	33	24	37	\N	free
5925	33	25	37	\N	free
5926	33	26	37	\N	free
5927	33	27	37	\N	free
5928	33	28	37	\N	free
5929	33	29	37	\N	free
5930	33	30	37	\N	free
5931	33	31	37	\N	free
5932	33	32	37	\N	free
5933	33	33	37	\N	free
5934	33	34	37	\N	free
5935	33	35	37	\N	free
5936	33	36	37	\N	free
5937	33	37	37	\N	free
5938	33	38	37	\N	free
5939	33	39	37	\N	free
5940	33	40	37	\N	free
5941	33	41	37	\N	free
5942	33	42	37	\N	free
5943	33	43	37	\N	free
5944	33	44	37	\N	free
5945	34	1	37	\N	free
5946	34	2	37	\N	free
5947	34	3	37	\N	free
5948	34	4	37	\N	free
5949	34	5	37	\N	free
5950	34	6	37	\N	free
5951	34	7	37	\N	free
5952	34	8	37	\N	free
5953	34	9	37	\N	free
5954	34	10	37	\N	free
5955	34	11	37	\N	free
5956	34	12	37	\N	free
5957	34	13	37	\N	free
5958	34	14	37	\N	free
5959	34	15	37	\N	free
5960	34	16	37	\N	free
5961	34	17	37	\N	free
5962	34	18	37	\N	free
5963	34	19	37	\N	free
5964	34	20	37	\N	free
5965	34	21	37	\N	free
5966	34	22	37	\N	free
5967	34	23	37	\N	free
5968	34	24	37	\N	free
5969	34	25	37	\N	free
5970	34	26	37	\N	free
5971	34	27	37	\N	free
5972	34	28	37	\N	free
5973	34	29	37	\N	free
5974	34	30	37	\N	free
5975	34	31	37	\N	free
5976	34	32	37	\N	free
5977	34	33	37	\N	free
5978	34	34	37	\N	free
5979	34	35	37	\N	free
5980	34	36	37	\N	free
5981	34	37	37	\N	free
5982	34	38	37	\N	free
5983	34	39	37	\N	free
5984	34	40	37	\N	free
5985	34	41	37	\N	free
5986	34	42	37	\N	free
5987	34	43	37	\N	free
5988	34	44	37	\N	free
5989	35	1	37	\N	free
5990	35	2	37	\N	free
5991	35	3	37	\N	free
5992	35	4	37	\N	free
5993	35	5	37	\N	free
5994	35	6	37	\N	free
5995	35	7	37	\N	free
5996	35	8	37	\N	free
5997	35	9	37	\N	free
5998	35	10	37	\N	free
5999	35	11	37	\N	free
6000	35	12	37	\N	free
6001	35	13	37	\N	free
6002	35	14	37	\N	free
6003	35	15	37	\N	free
6004	35	16	37	\N	free
6005	35	17	37	\N	free
6006	35	18	37	\N	free
6007	35	19	37	\N	free
6008	35	20	37	\N	free
6009	35	21	37	\N	free
6010	35	22	37	\N	free
6011	35	23	37	\N	free
6012	35	24	37	\N	free
6013	35	25	37	\N	free
6014	35	26	37	\N	free
6015	35	27	37	\N	free
6016	35	28	37	\N	free
6017	35	29	37	\N	free
6018	35	30	37	\N	free
6019	35	31	37	\N	free
6020	35	32	37	\N	free
6021	35	33	37	\N	free
6022	35	34	37	\N	free
6023	35	35	37	\N	free
6024	35	36	37	\N	free
6025	35	37	37	\N	free
6026	35	38	37	\N	free
6027	35	39	37	\N	free
6028	35	40	37	\N	free
6029	35	41	37	\N	free
6030	35	42	37	\N	free
6031	35	43	37	\N	free
6032	35	44	37	\N	free
6033	36	1	37	\N	free
6034	36	2	37	\N	free
6035	36	3	37	\N	free
6036	36	4	37	\N	free
6037	36	5	37	\N	free
6038	36	6	37	\N	free
6039	36	7	37	\N	free
6040	36	8	37	\N	free
6041	36	9	37	\N	free
6042	36	10	37	\N	free
6043	36	11	37	\N	free
6044	36	12	37	\N	free
6045	36	13	37	\N	free
6046	36	14	37	\N	free
6047	36	15	37	\N	free
6048	36	16	37	\N	free
6049	36	17	37	\N	free
6050	36	18	37	\N	free
6051	36	19	37	\N	free
6052	36	20	37	\N	free
6053	36	21	37	\N	free
6054	36	22	37	\N	free
6055	36	23	37	\N	free
6056	36	24	37	\N	free
6057	36	25	37	\N	free
6058	36	26	37	\N	free
6059	36	27	37	\N	free
6060	36	28	37	\N	free
6061	36	29	37	\N	free
6062	36	30	37	\N	free
6063	36	31	37	\N	free
6064	36	32	37	\N	free
6065	36	33	37	\N	free
6066	36	34	37	\N	free
6067	36	35	37	\N	free
6068	36	36	37	\N	free
6069	36	37	37	\N	free
6070	36	38	37	\N	free
6071	36	39	37	\N	free
6072	36	40	37	\N	free
6073	36	41	37	\N	free
6074	36	42	37	\N	free
6075	36	43	37	\N	free
6076	36	44	37	\N	free
6077	37	1	37	\N	free
6078	37	2	37	\N	free
6079	37	3	37	\N	free
6080	37	4	37	\N	free
6081	37	5	37	\N	free
6082	37	6	37	\N	free
6083	37	7	37	\N	free
6084	37	8	37	\N	free
6085	37	9	37	\N	free
6086	37	10	37	\N	free
6087	37	11	37	\N	free
6088	37	12	37	\N	free
6089	37	13	37	\N	free
6090	37	14	37	\N	free
6091	37	15	37	\N	free
6092	37	16	37	\N	free
6093	37	17	37	\N	free
6094	37	18	37	\N	free
6095	37	19	37	\N	free
6096	37	20	37	\N	free
6097	37	21	37	\N	free
6098	37	22	37	\N	free
6099	37	23	37	\N	free
6100	37	24	37	\N	free
6101	37	25	37	\N	free
6102	37	26	37	\N	free
6103	37	27	37	\N	free
6104	37	28	37	\N	free
6105	37	29	37	\N	free
6106	37	30	37	\N	free
6107	37	31	37	\N	free
6108	37	32	37	\N	free
6109	37	33	37	\N	free
6110	37	34	37	\N	free
6111	37	35	37	\N	free
6112	37	36	37	\N	free
6113	37	37	37	\N	free
6114	37	38	37	\N	free
6115	37	39	37	\N	free
6116	37	40	37	\N	free
6117	37	41	37	\N	free
6118	37	42	37	\N	free
6119	37	43	37	\N	free
6120	37	44	37	\N	free
6121	38	1	37	\N	free
6122	38	2	37	\N	free
6123	38	3	37	\N	free
6124	38	4	37	\N	free
6125	38	5	37	\N	free
6126	38	6	37	\N	free
6127	38	7	37	\N	free
6128	38	8	37	\N	free
6129	38	9	37	\N	free
6130	38	10	37	\N	free
6131	38	11	37	\N	free
6132	38	12	37	\N	free
6133	38	13	37	\N	free
6134	38	14	37	\N	free
6135	38	15	37	\N	free
6136	38	16	37	\N	free
6137	38	17	37	\N	free
6138	38	18	37	\N	free
6139	38	19	37	\N	free
6140	38	20	37	\N	free
6141	38	21	37	\N	free
6142	38	22	37	\N	free
6143	38	23	37	\N	free
6144	38	24	37	\N	free
6145	38	25	37	\N	free
6146	38	26	37	\N	free
6147	38	27	37	\N	free
6148	38	28	37	\N	free
6149	38	29	37	\N	free
6150	38	30	37	\N	free
6151	38	31	37	\N	free
6152	38	32	37	\N	free
6153	38	33	37	\N	free
6154	38	34	37	\N	free
6155	38	35	37	\N	free
6156	38	36	37	\N	free
6157	38	37	37	\N	free
6158	38	38	37	\N	free
6159	38	39	37	\N	free
6160	38	40	37	\N	free
6161	38	41	37	\N	free
6162	38	42	37	\N	free
6163	38	43	37	\N	free
6164	38	44	37	\N	free
6165	39	1	37	\N	free
6166	39	2	37	\N	free
6167	39	3	37	\N	free
6168	39	4	37	\N	free
6169	39	5	37	\N	free
6170	39	6	37	\N	free
6171	39	7	37	\N	free
6172	39	8	37	\N	free
6173	39	9	37	\N	free
6174	39	10	37	\N	free
6175	39	11	37	\N	free
6176	39	12	37	\N	free
6177	39	13	37	\N	free
6178	39	14	37	\N	free
6179	39	15	37	\N	free
6180	39	16	37	\N	free
6181	39	17	37	\N	free
6182	39	18	37	\N	free
6183	39	19	37	\N	free
6184	39	20	37	\N	free
6185	39	21	37	\N	free
6186	39	22	37	\N	free
6187	39	23	37	\N	free
6188	39	24	37	\N	free
6189	39	25	37	\N	free
6190	39	26	37	\N	free
6191	39	27	37	\N	free
6192	39	28	37	\N	free
6193	39	29	37	\N	free
6194	39	30	37	\N	free
6195	39	31	37	\N	free
6196	39	32	37	\N	free
6197	39	33	37	\N	free
6198	39	34	37	\N	free
6199	39	35	37	\N	free
6200	39	36	37	\N	free
6201	39	37	37	\N	free
6202	39	38	37	\N	free
6203	39	39	37	\N	free
6204	39	40	37	\N	free
6205	39	41	37	\N	free
6206	39	42	37	\N	free
6207	39	43	37	\N	free
6208	39	44	37	\N	free
6209	40	1	37	\N	free
6210	40	2	37	\N	free
6211	40	3	37	\N	free
6212	40	4	37	\N	free
6213	40	5	37	\N	free
6214	40	6	37	\N	free
6215	40	7	37	\N	free
6216	40	8	37	\N	free
6217	40	9	37	\N	free
6218	40	10	37	\N	free
6219	40	11	37	\N	free
6220	40	12	37	\N	free
6221	40	13	37	\N	free
6222	40	14	37	\N	free
6223	40	15	37	\N	free
6224	40	16	37	\N	free
6225	40	17	37	\N	free
6226	40	18	37	\N	free
6227	40	19	37	\N	free
6228	40	20	37	\N	free
6229	40	21	37	\N	free
6230	40	22	37	\N	free
6231	40	23	37	\N	free
6232	40	24	37	\N	free
6233	40	25	37	\N	free
6234	40	26	37	\N	free
6235	40	27	37	\N	free
6236	40	28	37	\N	free
6237	40	29	37	\N	free
6238	40	30	37	\N	free
6239	40	31	37	\N	free
6240	40	32	37	\N	free
6241	40	33	37	\N	free
6242	40	34	37	\N	free
6243	40	35	37	\N	free
6244	40	36	37	\N	free
6245	40	37	37	\N	free
6246	40	38	37	\N	free
6247	40	39	37	\N	free
6248	40	40	37	\N	free
6249	40	41	37	\N	free
6250	40	42	37	\N	free
6251	40	43	37	\N	free
6252	40	44	37	\N	free
6253	41	1	37	\N	free
6254	41	2	37	\N	free
6255	41	3	37	\N	free
6256	41	4	37	\N	free
6257	41	5	37	\N	free
6258	41	6	37	\N	free
6259	41	7	37	\N	free
6260	41	8	37	\N	free
6261	41	9	37	\N	free
6262	41	10	37	\N	free
6263	41	11	37	\N	free
6264	41	12	37	\N	free
6265	41	13	37	\N	free
6266	41	14	37	\N	free
6267	41	15	37	\N	free
6268	41	16	37	\N	free
6269	41	17	37	\N	free
6270	41	18	37	\N	free
6271	41	19	37	\N	free
6272	41	20	37	\N	free
6273	41	21	37	\N	free
6274	41	22	37	\N	free
6275	41	23	37	\N	free
6276	41	24	37	\N	free
6277	41	25	37	\N	free
6278	41	26	37	\N	free
6279	41	27	37	\N	free
6280	41	28	37	\N	free
6281	41	29	37	\N	free
6282	41	30	37	\N	free
6283	41	31	37	\N	free
6284	41	32	37	\N	free
6285	41	33	37	\N	free
6286	41	34	37	\N	free
6287	41	35	37	\N	free
6288	41	36	37	\N	free
6289	41	37	37	\N	free
6290	41	38	37	\N	free
6291	41	39	37	\N	free
6292	41	40	37	\N	free
6293	41	41	37	\N	free
6294	41	42	37	\N	free
6295	41	43	37	\N	free
6296	41	44	37	\N	free
6297	42	1	37	\N	free
6298	42	2	37	\N	free
6299	42	3	37	\N	free
6300	42	4	37	\N	free
6301	42	5	37	\N	free
6302	42	6	37	\N	free
6303	42	7	37	\N	free
6304	42	8	37	\N	free
6305	42	9	37	\N	free
6306	42	10	37	\N	free
6307	42	11	37	\N	free
6308	42	12	37	\N	free
6309	42	13	37	\N	free
6310	42	14	37	\N	free
6311	42	15	37	\N	free
6312	42	16	37	\N	free
6313	42	17	37	\N	free
6314	42	18	37	\N	free
6315	42	19	37	\N	free
6316	42	20	37	\N	free
6317	42	21	37	\N	free
6318	42	22	37	\N	free
6319	42	23	37	\N	free
6320	42	24	37	\N	free
6321	42	25	37	\N	free
6322	42	26	37	\N	free
6323	42	27	37	\N	free
6324	42	28	37	\N	free
6325	42	29	37	\N	free
6326	42	30	37	\N	free
6327	42	31	37	\N	free
6328	42	32	37	\N	free
6329	42	33	37	\N	free
6330	42	34	37	\N	free
6331	42	35	37	\N	free
6332	42	36	37	\N	free
6333	42	37	37	\N	free
6334	42	38	37	\N	free
6335	42	39	37	\N	free
6336	42	40	37	\N	free
6337	42	41	37	\N	free
6338	42	42	37	\N	free
6339	42	43	37	\N	free
6340	42	44	37	\N	free
6341	43	1	37	\N	free
6342	43	2	37	\N	free
6343	43	3	37	\N	free
6344	43	4	37	\N	free
6345	43	5	37	\N	free
6346	43	6	37	\N	free
6347	43	7	37	\N	free
6348	43	8	37	\N	free
6349	43	9	37	\N	free
6350	43	10	37	\N	free
6351	43	11	37	\N	free
6352	43	12	37	\N	free
6353	43	13	37	\N	free
6354	43	14	37	\N	free
6355	43	15	37	\N	free
6356	43	16	37	\N	free
6357	43	17	37	\N	free
6358	43	18	37	\N	free
6359	43	19	37	\N	free
6360	43	20	37	\N	free
6361	43	21	37	\N	free
6362	43	22	37	\N	free
6363	43	23	37	\N	free
6364	43	24	37	\N	free
6365	43	25	37	\N	free
6366	43	26	37	\N	free
6367	43	27	37	\N	free
6368	43	28	37	\N	free
6369	43	29	37	\N	free
6370	43	30	37	\N	free
6371	43	31	37	\N	free
6372	43	32	37	\N	free
6373	43	33	37	\N	free
6374	43	34	37	\N	free
6375	43	35	37	\N	free
6376	43	36	37	\N	free
6377	43	37	37	\N	free
6378	43	38	37	\N	free
6379	43	39	37	\N	free
6380	43	40	37	\N	free
6381	43	41	37	\N	free
6382	43	42	37	\N	free
6383	43	43	37	\N	free
6384	43	44	37	\N	free
6385	1	1	38	\N	free
6386	1	2	38	\N	free
6387	1	3	38	\N	free
6388	1	4	38	\N	free
6389	1	5	38	\N	free
6390	1	6	38	\N	free
6391	1	7	38	\N	free
6392	1	8	38	\N	free
6393	1	9	38	\N	free
6394	1	10	38	\N	free
6395	2	1	38	\N	free
6396	2	2	38	\N	free
6397	2	3	38	\N	free
6398	2	4	38	\N	free
6399	2	5	38	\N	free
6400	2	6	38	\N	free
6401	2	7	38	\N	free
6402	2	8	38	\N	free
6403	2	9	38	\N	free
6404	2	10	38	\N	free
6405	3	1	38	\N	free
6406	3	2	38	\N	free
6407	3	3	38	\N	free
6408	3	4	38	\N	free
6409	3	5	38	\N	free
6410	3	6	38	\N	free
6411	3	7	38	\N	free
6412	3	8	38	\N	free
6413	3	9	38	\N	free
6414	3	10	38	\N	free
6415	4	1	38	\N	free
6416	4	2	38	\N	free
6417	4	3	38	\N	free
6418	4	4	38	\N	free
6419	4	5	38	\N	free
6420	4	6	38	\N	free
6421	4	7	38	\N	free
6422	4	8	38	\N	free
6423	4	9	38	\N	free
6424	4	10	38	\N	free
6425	5	1	38	\N	free
6426	5	2	38	\N	free
6427	5	3	38	\N	free
6428	5	4	38	\N	free
6429	5	5	38	\N	free
6430	5	6	38	\N	free
6431	5	7	38	\N	free
6432	5	8	38	\N	free
6433	5	9	38	\N	free
6434	5	10	38	\N	free
6435	6	1	38	\N	free
6436	6	2	38	\N	free
6437	6	3	38	\N	free
6438	6	4	38	\N	free
6439	6	5	38	\N	free
6440	6	6	38	\N	free
6441	6	7	38	\N	free
6442	6	8	38	\N	free
6443	6	9	38	\N	free
6444	6	10	38	\N	free
6445	7	1	38	\N	free
6446	7	2	38	\N	free
6447	7	3	38	\N	free
6448	7	4	38	\N	free
6449	7	5	38	\N	free
6450	7	6	38	\N	free
6451	7	7	38	\N	free
6452	7	8	38	\N	free
6453	7	9	38	\N	free
6454	7	10	38	\N	free
6455	8	1	38	\N	free
6456	8	2	38	\N	free
6457	8	3	38	\N	free
6458	8	4	38	\N	free
6459	8	5	38	\N	free
6460	8	6	38	\N	free
6461	8	7	38	\N	free
6462	8	8	38	\N	free
6463	8	9	38	\N	free
6464	8	10	38	\N	free
6465	9	1	38	\N	free
6466	9	2	38	\N	free
6467	9	3	38	\N	free
6468	9	4	38	\N	free
6469	9	5	38	\N	free
6470	9	6	38	\N	free
6471	9	7	38	\N	free
6472	9	8	38	\N	free
6473	9	9	38	\N	free
6474	9	10	38	\N	free
6475	10	1	38	\N	free
6476	10	2	38	\N	free
6477	10	3	38	\N	free
6478	10	4	38	\N	free
6479	10	5	38	\N	free
6480	10	6	38	\N	free
6481	10	7	38	\N	free
6482	10	8	38	\N	free
6483	10	9	38	\N	free
6484	10	10	38	\N	free
6485	1	1	39	\N	free
6486	1	2	39	\N	free
6487	1	3	39	\N	free
6488	1	4	39	\N	free
6489	1	5	39	\N	free
6490	1	6	39	\N	free
6491	1	7	39	\N	free
6492	1	8	39	\N	free
6493	1	9	39	\N	free
6494	1	10	39	\N	free
6495	2	1	39	\N	free
6496	2	2	39	\N	free
6497	2	3	39	\N	free
6498	2	4	39	\N	free
6499	2	5	39	\N	free
6500	2	6	39	\N	free
6501	2	7	39	\N	free
6502	2	8	39	\N	free
6503	2	9	39	\N	free
6504	2	10	39	\N	free
6505	3	1	39	\N	free
6506	3	2	39	\N	free
6507	3	3	39	\N	free
6508	3	4	39	\N	free
6509	3	5	39	\N	free
6510	3	6	39	\N	free
6511	3	7	39	\N	free
6512	3	8	39	\N	free
6513	3	9	39	\N	free
6514	3	10	39	\N	free
6515	4	1	39	\N	free
6516	4	2	39	\N	free
6517	4	3	39	\N	free
6518	4	4	39	\N	free
6519	4	5	39	\N	free
6520	4	6	39	\N	free
6521	4	7	39	\N	free
6522	4	8	39	\N	free
6523	4	9	39	\N	free
6524	4	10	39	\N	free
6525	5	1	39	\N	free
6526	5	2	39	\N	free
6527	5	3	39	\N	free
6528	5	4	39	\N	free
6529	5	5	39	\N	free
6530	5	6	39	\N	free
6531	5	7	39	\N	free
6532	5	8	39	\N	free
6533	5	9	39	\N	free
6534	5	10	39	\N	free
6535	6	1	39	\N	free
6536	6	2	39	\N	free
6537	6	3	39	\N	free
6538	6	4	39	\N	free
6539	6	5	39	\N	free
6540	6	6	39	\N	free
6541	6	7	39	\N	free
6542	6	8	39	\N	free
6543	6	9	39	\N	free
6544	6	10	39	\N	free
6545	7	1	39	\N	free
6546	7	2	39	\N	free
6547	7	3	39	\N	free
6548	7	4	39	\N	free
6549	7	5	39	\N	free
6550	7	6	39	\N	free
6551	7	7	39	\N	free
6552	7	8	39	\N	free
6553	7	9	39	\N	free
6554	7	10	39	\N	free
6555	8	1	39	\N	free
6556	8	2	39	\N	free
6557	8	3	39	\N	free
6558	8	4	39	\N	free
6559	8	5	39	\N	free
6560	8	6	39	\N	free
6561	8	7	39	\N	free
6562	8	8	39	\N	free
6563	8	9	39	\N	free
6564	8	10	39	\N	free
6565	9	1	39	\N	free
6566	9	2	39	\N	free
6567	9	3	39	\N	free
6568	9	4	39	\N	free
6569	9	5	39	\N	free
6570	9	6	39	\N	free
6571	9	7	39	\N	free
6572	9	8	39	\N	free
6573	9	9	39	\N	free
6574	9	10	39	\N	free
6575	10	1	39	\N	free
6576	10	2	39	\N	free
6577	10	3	39	\N	free
6578	10	4	39	\N	free
6579	10	5	39	\N	free
6580	10	6	39	\N	free
6581	10	7	39	\N	free
6582	10	8	39	\N	free
6583	10	9	39	\N	free
6584	10	10	39	\N	free
6585	1	1	40	\N	free
6586	1	2	40	\N	free
6587	1	3	40	\N	free
6588	1	4	40	\N	free
6589	1	5	40	\N	free
6590	1	6	40	\N	free
6591	1	7	40	\N	free
6592	1	8	40	\N	free
6593	1	9	40	\N	free
6594	1	10	40	\N	free
6595	2	1	40	\N	free
6596	2	2	40	\N	free
6597	2	3	40	\N	free
6598	2	4	40	\N	free
6599	2	5	40	\N	free
6600	2	6	40	\N	free
6601	2	7	40	\N	free
6602	2	8	40	\N	free
6603	2	9	40	\N	free
6604	2	10	40	\N	free
6605	3	1	40	\N	free
6606	3	2	40	\N	free
6607	3	3	40	\N	free
6608	3	4	40	\N	free
6609	3	5	40	\N	free
6610	3	6	40	\N	free
6611	3	7	40	\N	free
6612	3	8	40	\N	free
6613	3	9	40	\N	free
6614	3	10	40	\N	free
6615	4	1	40	\N	free
6616	4	2	40	\N	free
6617	4	3	40	\N	free
6618	4	4	40	\N	free
6619	4	5	40	\N	free
6620	4	6	40	\N	free
6621	4	7	40	\N	free
6622	4	8	40	\N	free
6623	4	9	40	\N	free
6624	4	10	40	\N	free
6625	5	1	40	\N	free
6626	5	2	40	\N	free
6627	5	3	40	\N	free
6628	5	4	40	\N	free
6629	5	5	40	\N	free
6630	5	6	40	\N	free
6631	5	7	40	\N	free
6632	5	8	40	\N	free
6633	5	9	40	\N	free
6634	5	10	40	\N	free
6635	6	1	40	\N	free
6636	6	2	40	\N	free
6637	6	3	40	\N	free
6638	6	4	40	\N	free
6639	6	5	40	\N	free
6640	6	6	40	\N	free
6641	6	7	40	\N	free
6642	6	8	40	\N	free
6643	6	9	40	\N	free
6644	6	10	40	\N	free
6645	7	1	40	\N	free
6646	7	2	40	\N	free
6647	7	3	40	\N	free
6648	7	4	40	\N	free
6649	7	5	40	\N	free
6650	7	6	40	\N	free
6651	7	7	40	\N	free
6652	7	8	40	\N	free
6653	7	9	40	\N	free
6654	7	10	40	\N	free
6655	8	1	40	\N	free
6656	8	2	40	\N	free
6657	8	3	40	\N	free
6658	8	4	40	\N	free
6659	8	5	40	\N	free
6660	8	6	40	\N	free
6661	8	7	40	\N	free
6662	8	8	40	\N	free
6663	8	9	40	\N	free
6664	8	10	40	\N	free
6665	9	1	40	\N	free
6666	9	2	40	\N	free
6667	9	3	40	\N	free
6668	9	4	40	\N	free
6669	9	5	40	\N	free
6670	9	6	40	\N	free
6671	9	7	40	\N	free
6672	9	8	40	\N	free
6673	9	9	40	\N	free
6674	9	10	40	\N	free
6675	10	1	40	\N	free
6676	10	2	40	\N	free
6677	10	3	40	\N	free
6678	10	4	40	\N	free
6679	10	5	40	\N	free
6680	10	6	40	\N	free
6681	10	7	40	\N	free
6682	10	8	40	\N	free
6683	10	9	40	\N	free
6684	10	10	40	\N	free
6685	1	1	41	\N	free
6686	1	2	41	\N	free
6687	1	3	41	\N	free
6688	1	4	41	\N	free
6689	1	5	41	\N	free
6690	1	6	41	\N	free
6691	1	7	41	\N	free
6692	1	8	41	\N	free
6693	1	9	41	\N	free
6694	1	10	41	\N	free
6695	2	1	41	\N	free
6696	2	2	41	\N	free
6697	2	3	41	\N	free
6698	2	4	41	\N	free
6699	2	5	41	\N	free
6700	2	6	41	\N	free
6701	2	7	41	\N	free
6702	2	8	41	\N	free
6703	2	9	41	\N	free
6704	2	10	41	\N	free
6705	3	1	41	\N	free
6706	3	2	41	\N	free
6707	3	3	41	\N	free
6708	3	4	41	\N	free
6709	3	5	41	\N	free
6710	3	6	41	\N	free
6711	3	7	41	\N	free
6712	3	8	41	\N	free
6713	3	9	41	\N	free
6714	3	10	41	\N	free
6715	4	1	41	\N	free
6716	4	2	41	\N	free
6717	4	3	41	\N	free
6718	4	4	41	\N	free
6719	4	5	41	\N	free
6720	4	6	41	\N	free
6721	4	7	41	\N	free
6722	4	8	41	\N	free
6723	4	9	41	\N	free
6724	4	10	41	\N	free
6725	5	1	41	\N	free
6726	5	2	41	\N	free
6727	5	3	41	\N	free
6728	5	4	41	\N	free
6729	5	5	41	\N	free
6730	5	6	41	\N	free
6731	5	7	41	\N	free
6732	5	8	41	\N	free
6733	5	9	41	\N	free
6734	5	10	41	\N	free
6735	6	1	41	\N	free
6736	6	2	41	\N	free
6737	6	3	41	\N	free
6738	6	4	41	\N	free
6739	6	5	41	\N	free
6740	6	6	41	\N	free
6741	6	7	41	\N	free
6742	6	8	41	\N	free
6743	6	9	41	\N	free
6744	6	10	41	\N	free
6745	7	1	41	\N	free
6746	7	2	41	\N	free
6747	7	3	41	\N	free
6748	7	4	41	\N	free
6749	7	5	41	\N	free
6750	7	6	41	\N	free
6751	7	7	41	\N	free
6752	7	8	41	\N	free
6753	7	9	41	\N	free
6754	7	10	41	\N	free
6755	8	1	41	\N	free
6756	8	2	41	\N	free
6757	8	3	41	\N	free
6758	8	4	41	\N	free
6759	8	5	41	\N	free
6760	8	6	41	\N	free
6761	8	7	41	\N	free
6762	8	8	41	\N	free
6763	8	9	41	\N	free
6764	8	10	41	\N	free
6765	9	1	41	\N	free
6766	9	2	41	\N	free
6767	9	3	41	\N	free
6768	9	4	41	\N	free
6769	9	5	41	\N	free
6770	9	6	41	\N	free
6771	9	7	41	\N	free
6772	9	8	41	\N	free
6773	9	9	41	\N	free
6774	9	10	41	\N	free
6775	10	1	41	\N	free
6776	10	2	41	\N	free
6777	10	3	41	\N	free
6778	10	4	41	\N	free
6779	10	5	41	\N	free
6780	10	6	41	\N	free
6781	10	7	41	\N	free
6782	10	8	41	\N	free
6783	10	9	41	\N	free
6784	10	10	41	\N	free
6785	1	1	42	\N	free
6786	1	2	42	\N	free
6787	1	3	42	\N	free
6788	1	4	42	\N	free
6789	1	5	42	\N	free
6790	1	6	42	\N	free
6791	1	7	42	\N	free
6792	1	8	42	\N	free
6793	1	9	42	\N	free
6794	1	10	42	\N	free
6795	2	1	42	\N	free
6796	2	2	42	\N	free
6797	2	3	42	\N	free
6798	2	4	42	\N	free
6799	2	5	42	\N	free
6800	2	6	42	\N	free
6801	2	7	42	\N	free
6802	2	8	42	\N	free
6803	2	9	42	\N	free
6804	2	10	42	\N	free
6805	3	1	42	\N	free
6806	3	2	42	\N	free
6807	3	3	42	\N	free
6808	3	4	42	\N	free
6809	3	5	42	\N	free
6810	3	6	42	\N	free
6811	3	7	42	\N	free
6812	3	8	42	\N	free
6813	3	9	42	\N	free
6814	3	10	42	\N	free
6815	4	1	42	\N	free
6816	4	2	42	\N	free
6817	4	3	42	\N	free
6818	4	4	42	\N	free
6819	4	5	42	\N	free
6820	4	6	42	\N	free
6821	4	7	42	\N	free
6822	4	8	42	\N	free
6823	4	9	42	\N	free
6824	4	10	42	\N	free
6825	5	1	42	\N	free
6826	5	2	42	\N	free
6827	5	3	42	\N	free
6828	5	4	42	\N	free
6829	5	5	42	\N	free
6830	5	6	42	\N	free
6831	5	7	42	\N	free
6832	5	8	42	\N	free
6833	5	9	42	\N	free
6834	5	10	42	\N	free
6835	6	1	42	\N	free
6836	6	2	42	\N	free
6837	6	3	42	\N	free
6838	6	4	42	\N	free
6839	6	5	42	\N	free
6840	6	6	42	\N	free
6841	6	7	42	\N	free
6842	6	8	42	\N	free
6843	6	9	42	\N	free
6844	6	10	42	\N	free
6845	7	1	42	\N	free
6846	7	2	42	\N	free
6847	7	3	42	\N	free
6848	7	4	42	\N	free
6849	7	5	42	\N	free
6850	7	6	42	\N	free
6851	7	7	42	\N	free
6852	7	8	42	\N	free
6853	7	9	42	\N	free
6854	7	10	42	\N	free
6855	8	1	42	\N	free
6856	8	2	42	\N	free
6857	8	3	42	\N	free
6858	8	4	42	\N	free
6859	8	5	42	\N	free
6860	8	6	42	\N	free
6861	8	7	42	\N	free
6862	8	8	42	\N	free
6863	8	9	42	\N	free
6864	8	10	42	\N	free
6865	9	1	42	\N	free
6866	9	2	42	\N	free
6867	9	3	42	\N	free
6868	9	4	42	\N	free
6869	9	5	42	\N	free
6870	9	6	42	\N	free
6871	9	7	42	\N	free
6872	9	8	42	\N	free
6873	9	9	42	\N	free
6874	9	10	42	\N	free
6875	10	1	42	\N	free
6876	10	2	42	\N	free
6877	10	3	42	\N	free
6878	10	4	42	\N	free
6879	10	5	42	\N	free
6880	10	6	42	\N	free
6881	10	7	42	\N	free
6882	10	8	42	\N	free
6883	10	9	42	\N	free
6884	10	10	42	\N	free
6885	1	1	43	\N	free
6886	1	2	43	\N	free
6887	1	3	43	\N	free
6888	1	4	43	\N	free
6889	1	5	43	\N	free
6890	1	6	43	\N	free
6891	1	7	43	\N	free
6892	1	8	43	\N	free
6893	1	9	43	\N	free
6894	1	10	43	\N	free
6895	2	1	43	\N	free
6896	2	2	43	\N	free
6897	2	3	43	\N	free
6898	2	4	43	\N	free
6899	2	5	43	\N	free
6900	2	6	43	\N	free
6901	2	7	43	\N	free
6902	2	8	43	\N	free
6903	2	9	43	\N	free
6904	2	10	43	\N	free
6905	3	1	43	\N	free
6906	3	2	43	\N	free
6907	3	3	43	\N	free
6908	3	4	43	\N	free
6909	3	5	43	\N	free
6910	3	6	43	\N	free
6911	3	7	43	\N	free
6912	3	8	43	\N	free
6913	3	9	43	\N	free
6914	3	10	43	\N	free
6915	4	1	43	\N	free
6916	4	2	43	\N	free
6917	4	3	43	\N	free
6918	4	4	43	\N	free
6919	4	5	43	\N	free
6920	4	6	43	\N	free
6921	4	7	43	\N	free
6922	4	8	43	\N	free
6923	4	9	43	\N	free
6924	4	10	43	\N	free
6925	5	1	43	\N	free
6926	5	2	43	\N	free
6927	5	3	43	\N	free
6928	5	4	43	\N	free
6929	5	5	43	\N	free
6930	5	6	43	\N	free
6931	5	7	43	\N	free
6932	5	8	43	\N	free
6933	5	9	43	\N	free
6934	5	10	43	\N	free
6935	6	1	43	\N	free
6936	6	2	43	\N	free
6937	6	3	43	\N	free
6938	6	4	43	\N	free
6939	6	5	43	\N	free
6940	6	6	43	\N	free
6941	6	7	43	\N	free
6942	6	8	43	\N	free
6943	6	9	43	\N	free
6944	6	10	43	\N	free
6945	7	1	43	\N	free
6946	7	2	43	\N	free
6947	7	3	43	\N	free
6948	7	4	43	\N	free
6949	7	5	43	\N	free
6950	7	6	43	\N	free
6951	7	7	43	\N	free
6952	7	8	43	\N	free
6953	7	9	43	\N	free
6954	7	10	43	\N	free
6955	8	1	43	\N	free
6956	8	2	43	\N	free
6957	8	3	43	\N	free
6958	8	4	43	\N	free
6959	8	5	43	\N	free
6960	8	6	43	\N	free
6961	8	7	43	\N	free
6962	8	8	43	\N	free
6963	8	9	43	\N	free
6964	8	10	43	\N	free
6965	9	1	43	\N	free
6966	9	2	43	\N	free
6967	9	3	43	\N	free
6968	9	4	43	\N	free
6969	9	5	43	\N	free
6970	9	6	43	\N	free
6971	9	7	43	\N	free
6972	9	8	43	\N	free
6973	9	9	43	\N	free
6974	9	10	43	\N	free
6975	10	1	43	\N	free
6976	10	2	43	\N	free
6977	10	3	43	\N	free
6978	10	4	43	\N	free
6979	10	5	43	\N	free
6980	10	6	43	\N	free
6981	10	7	43	\N	free
6982	10	8	43	\N	free
6983	10	9	43	\N	free
6984	10	10	43	\N	free
6985	1	1	44	\N	free
6986	1	2	44	\N	free
6987	1	3	44	\N	free
6988	1	4	44	\N	free
6989	1	5	44	\N	free
6990	1	6	44	\N	free
6991	1	7	44	\N	free
6992	1	8	44	\N	free
6993	1	9	44	\N	free
6994	1	10	44	\N	free
6995	2	1	44	\N	free
6996	2	2	44	\N	free
6997	2	3	44	\N	free
6998	2	4	44	\N	free
6999	2	5	44	\N	free
7000	2	6	44	\N	free
7001	2	7	44	\N	free
7002	2	8	44	\N	free
7003	2	9	44	\N	free
7004	2	10	44	\N	free
7005	3	1	44	\N	free
7006	3	2	44	\N	free
7007	3	3	44	\N	free
7008	3	4	44	\N	free
7009	3	5	44	\N	free
7010	3	6	44	\N	free
7011	3	7	44	\N	free
7012	3	8	44	\N	free
7013	3	9	44	\N	free
7014	3	10	44	\N	free
7015	4	1	44	\N	free
7016	4	2	44	\N	free
7017	4	3	44	\N	free
7018	4	4	44	\N	free
7019	4	5	44	\N	free
7020	4	6	44	\N	free
7021	4	7	44	\N	free
7022	4	8	44	\N	free
7023	4	9	44	\N	free
7024	4	10	44	\N	free
7025	5	1	44	\N	free
7026	5	2	44	\N	free
7027	5	3	44	\N	free
7028	5	4	44	\N	free
7029	5	5	44	\N	free
7030	5	6	44	\N	free
7031	5	7	44	\N	free
7032	5	8	44	\N	free
7033	5	9	44	\N	free
7034	5	10	44	\N	free
7035	6	1	44	\N	free
7036	6	2	44	\N	free
7037	6	3	44	\N	free
7038	6	4	44	\N	free
7039	6	5	44	\N	free
7040	6	6	44	\N	free
7041	6	7	44	\N	free
7042	6	8	44	\N	free
7043	6	9	44	\N	free
7044	6	10	44	\N	free
7045	7	1	44	\N	free
7046	7	2	44	\N	free
7047	7	3	44	\N	free
7048	7	4	44	\N	free
7049	7	5	44	\N	free
7050	7	6	44	\N	free
7051	7	7	44	\N	free
7052	7	8	44	\N	free
7053	7	9	44	\N	free
7054	7	10	44	\N	free
7055	8	1	44	\N	free
7056	8	2	44	\N	free
7059	8	5	44	\N	free
7060	8	6	44	\N	free
7061	8	7	44	\N	free
7062	8	8	44	\N	free
7063	8	9	44	\N	free
7064	8	10	44	\N	free
7065	9	1	44	\N	free
7066	9	2	44	\N	free
7067	9	3	44	\N	free
7068	9	4	44	\N	free
7069	9	5	44	\N	free
7070	9	6	44	\N	free
7071	9	7	44	\N	free
7072	9	8	44	\N	free
7073	9	9	44	\N	free
7074	9	10	44	\N	free
7075	10	1	44	\N	free
7076	10	2	44	\N	free
7077	10	3	44	\N	free
7078	10	4	44	\N	free
7079	10	5	44	\N	free
7080	10	6	44	\N	free
7081	10	7	44	\N	free
7082	10	8	44	\N	free
7083	10	9	44	\N	free
7084	10	10	44	\N	free
7085	1	1	45	\N	free
7086	1	2	45	\N	free
7087	1	3	45	\N	free
7088	1	4	45	\N	free
7089	1	5	45	\N	free
7090	1	6	45	\N	free
7091	1	7	45	\N	free
7092	1	8	45	\N	free
7093	1	9	45	\N	free
7094	1	10	45	\N	free
7095	2	1	45	\N	free
7096	2	2	45	\N	free
7097	2	3	45	\N	free
7098	2	4	45	\N	free
7099	2	5	45	\N	free
7100	2	6	45	\N	free
7101	2	7	45	\N	free
7102	2	8	45	\N	free
7103	2	9	45	\N	free
7104	2	10	45	\N	free
7105	3	1	45	\N	free
7106	3	2	45	\N	free
7107	3	3	45	\N	free
7108	3	4	45	\N	free
7109	3	5	45	\N	free
7110	3	6	45	\N	free
7111	3	7	45	\N	free
7112	3	8	45	\N	free
7113	3	9	45	\N	free
7114	3	10	45	\N	free
7115	4	1	45	\N	free
7116	4	2	45	\N	free
7117	4	3	45	\N	free
7118	4	4	45	\N	free
7119	4	5	45	\N	free
7120	4	6	45	\N	free
7121	4	7	45	\N	free
7122	4	8	45	\N	free
7123	4	9	45	\N	free
7124	4	10	45	\N	free
7125	5	1	45	\N	free
7126	5	2	45	\N	free
7127	5	3	45	\N	free
7128	5	4	45	\N	free
7129	5	5	45	\N	free
7130	5	6	45	\N	free
7131	5	7	45	\N	free
7132	5	8	45	\N	free
7133	5	9	45	\N	free
7134	5	10	45	\N	free
7135	6	1	45	\N	free
7136	6	2	45	\N	free
7137	6	3	45	\N	free
7138	6	4	45	\N	free
7139	6	5	45	\N	free
7140	6	6	45	\N	free
7141	6	7	45	\N	free
7142	6	8	45	\N	free
7143	6	9	45	\N	free
7144	6	10	45	\N	free
7145	7	1	45	\N	free
7146	7	2	45	\N	free
7147	7	3	45	\N	free
7148	7	4	45	\N	free
7149	7	5	45	\N	free
7150	7	6	45	\N	free
7151	7	7	45	\N	free
7152	7	8	45	\N	free
7153	7	9	45	\N	free
7154	7	10	45	\N	free
7155	8	1	45	\N	free
7156	8	2	45	\N	free
7157	8	3	45	\N	free
7158	8	4	45	\N	free
7159	8	5	45	\N	free
7160	8	6	45	\N	free
7161	8	7	45	\N	free
7162	8	8	45	\N	free
7163	8	9	45	\N	free
7164	8	10	45	\N	free
7165	9	1	45	\N	free
7166	9	2	45	\N	free
7167	9	3	45	\N	free
7168	9	4	45	\N	free
7169	9	5	45	\N	free
7170	9	6	45	\N	free
7171	9	7	45	\N	free
7172	9	8	45	\N	free
7173	9	9	45	\N	free
7174	9	10	45	\N	free
7175	10	1	45	\N	free
7176	10	2	45	\N	free
7177	10	3	45	\N	free
7178	10	4	45	\N	free
7179	10	5	45	\N	free
7180	10	6	45	\N	free
7181	10	7	45	\N	free
7182	10	8	45	\N	free
7183	10	9	45	\N	free
7184	10	10	45	\N	free
7185	1	1	46	\N	free
7186	1	2	46	\N	free
7187	1	3	46	\N	free
7188	1	4	46	\N	free
7189	1	5	46	\N	free
7190	1	6	46	\N	free
7191	1	7	46	\N	free
7192	1	8	46	\N	free
7193	1	9	46	\N	free
7194	1	10	46	\N	free
7195	2	1	46	\N	free
7196	2	2	46	\N	free
7197	2	3	46	\N	free
7198	2	4	46	\N	free
7199	2	5	46	\N	free
7200	2	6	46	\N	free
7201	2	7	46	\N	free
7202	2	8	46	\N	free
7203	2	9	46	\N	free
7204	2	10	46	\N	free
7205	3	1	46	\N	free
7206	3	2	46	\N	free
7207	3	3	46	\N	free
7208	3	4	46	\N	free
7209	3	5	46	\N	free
7210	3	6	46	\N	free
7211	3	7	46	\N	free
7212	3	8	46	\N	free
7213	3	9	46	\N	free
7214	3	10	46	\N	free
7215	4	1	46	\N	free
7216	4	2	46	\N	free
7217	4	3	46	\N	free
7218	4	4	46	\N	free
7219	4	5	46	\N	free
7220	4	6	46	\N	free
7221	4	7	46	\N	free
7222	4	8	46	\N	free
7223	4	9	46	\N	free
7224	4	10	46	\N	free
7225	5	1	46	\N	free
7226	5	2	46	\N	free
7227	5	3	46	\N	free
7228	5	4	46	\N	free
7229	5	5	46	\N	free
7230	5	6	46	\N	free
7231	5	7	46	\N	free
7232	5	8	46	\N	free
7233	5	9	46	\N	free
7234	5	10	46	\N	free
7235	6	1	46	\N	free
7236	6	2	46	\N	free
7237	6	3	46	\N	free
7238	6	4	46	\N	free
7239	6	5	46	\N	free
7240	6	6	46	\N	free
7241	6	7	46	\N	free
7242	6	8	46	\N	free
7243	6	9	46	\N	free
7244	6	10	46	\N	free
7245	7	1	46	\N	free
7246	7	2	46	\N	free
7247	7	3	46	\N	free
7248	7	4	46	\N	free
7249	7	5	46	\N	free
7250	7	6	46	\N	free
7251	7	7	46	\N	free
7252	7	8	46	\N	free
7253	7	9	46	\N	free
7254	7	10	46	\N	free
7255	8	1	46	\N	free
7256	8	2	46	\N	free
7257	8	3	46	\N	free
7258	8	4	46	\N	free
7259	8	5	46	\N	free
7260	8	6	46	\N	free
7261	8	7	46	\N	free
7262	8	8	46	\N	free
7263	8	9	46	\N	free
7264	8	10	46	\N	free
7265	9	1	46	\N	free
7266	9	2	46	\N	free
7267	9	3	46	\N	free
7268	9	4	46	\N	free
7269	9	5	46	\N	free
7270	9	6	46	\N	free
7271	9	7	46	\N	free
7272	9	8	46	\N	free
7273	9	9	46	\N	free
7274	9	10	46	\N	free
7275	10	1	46	\N	free
7276	10	2	46	\N	free
7277	10	3	46	\N	free
7278	10	4	46	\N	free
7279	10	5	46	\N	free
7280	10	6	46	\N	free
7281	10	7	46	\N	free
7282	10	8	46	\N	free
7283	10	9	46	\N	free
7284	10	10	46	\N	free
\.


--
-- Data for Name: cinema_user; Type: TABLE DATA; Schema: public; Owner: postgres
--

COPY public.cinema_user (id, password, last_login, is_superuser, username, first_name, last_name, email, is_staff, is_active, date_joined, registration_date, town, adress, phone_user, card_user, birthday, sex, language) FROM stdin;
2	pbkdf2_sha256$870000$CNxuYQH0r6tD7a5iejGHAI$zjF0YfZoGtoFh2+N3PMEz9A9SmUOIQOPjRZSW/051O4=	2025-07-26 14:29:58.204473+03	f	ivan	Иван	Сидоров-Петров	gerc-99@outlook.com	f	t	2025-05-10 20:11:00.311414+03	2025-05-10	kiev	sdfsfsdf	3242342	213	1978-02-13	women	1
19	pbkdf2_sha256$870000$rWlFz69zClNMw1sOG53y4e$BrHX0STkMd8eTFIjdlTGDzWKqJjsTcxZGHBZzHXqU28=	2025-07-26 14:47:01.398436+03	f	admin	Jon	Krisbi	wer@tt.ua	t	t	2025-07-15 16:29:22.09281+03	2025-07-15	kiev	dsfsdfdsfsd	3242342342	324234324234234324	1984-01-01	men	2
3	dfsf	\N	f	мчс	Петр	Иванов	dsfs@dns.ua	f	t	2025-05-10 23:19:44.494733+03	2025-05-10	Kiev	dsffd	45543534543	sdfsdfsd	2025-01-01	1	1
6	1123huuhiw	\N	f	OR	Roma	Onufriev	ser@oiu.df	f	t	2025-05-12 16:52:23.249367+03	2025-05-12	Kiev	dsfshjgjshg	346346664	1293890831209839012	2032-07-15	men	1
4	xczc	\N	f	Тася	Анастасия	Кротова	asd@rte.fx	f	t	2025-05-10 23:22:06.219525+03	2025-05-10	Berlin	zxcx	435354	cxz	2025-01-01	1	1
5	dsfbhgj	\N	f	ЛБ	Лиза	Бурундуков	er@uwieu.sd	f	t	2025-05-12 16:50:42.136677+03	2025-05-12	Odessa	dsfsdj	53433456464	123719847	2027-10-13	women	1
12	324432sfdfsfd	\N	f	хоббит	Сэм	Бильбо	tr@gdf.ty	f	t	2025-05-14 19:04:07.509922+03	2025-05-14	Kiev	xczczxc	324324234234234	23131231231231232	1999-01-10	men	1
14	sdf	\N	f	Ритуля	Рита	Прошина	tt@rambler.com	f	t	2025-06-18 18:39:15.335763+03	2025-06-18	Kiev	Kyiv	0973452314	243123423452342532	1900-01-01	women	1
15	1111	\N	f	Коша	Олег	Куринной	asd@rte.fx	f	t	2025-07-02 23:56:08.350249+03	2025-07-02	kiev	asddsd	3453534534534	1111111111111111	1900-01-01	men	2
16	1234567	\N	f	ТуЕл	Елизавета	Тугрикова	proba@tut.ua	f	t	2025-07-05 15:13:15.933879+03	2025-07-05	kiev	wdfewfwfewfdwfe	0973333333	333333333333	1998-04-10	women	2
17	pbkdf2_sha256$870000$rhq9efP2E7eLYuKT2dBbwY$Z1el0nWu/2rVpqaax+ysZCgJNoJZALHiPQ1C6SpVIm8=	\N	f	Пак	Игорь	Власенко	rtt@ttt.ua	f	t	2025-07-08 20:03:01.956717+03	2025-07-08	kiev	gsddfgdfgfdgdf	435363465464654	32423424234243242	1900-01-01	men	1
18	pbkdf2_sha256$870000$uLmn8WiNZEAkdfN1BdJpU7$0vCz6O2oObv93XHlMPCGNTQ9zmN7NJ6wS09GpzqoOno=	2025-07-08 20:06:22.839917+03	f	Аннннн	Анна	Петрушкина	eee@yee.ua	f	t	2025-07-08 20:06:22.198311+03	2025-07-08	kiev	dfsfsdfsdfds	324234234	342423423423432432	1996-01-03	women	2
\.


--
-- Data for Name: cinema_user_groups; Type: TABLE DATA; Schema: public; Owner: postgres
--

COPY public.cinema_user_groups (id, user_id, group_id) FROM stdin;
\.


--
-- Data for Name: cinema_user_user_permissions; Type: TABLE DATA; Schema: public; Owner: postgres
--

COPY public.cinema_user_user_permissions (id, user_id, permission_id) FROM stdin;
\.


--
-- Data for Name: django_admin_log; Type: TABLE DATA; Schema: public; Owner: postgres
--

COPY public.django_admin_log (id, action_time, object_id, object_repr, action_flag, change_message, content_type_id, user_id) FROM stdin;
\.


--
-- Data for Name: django_content_type; Type: TABLE DATA; Schema: public; Owner: postgres
--

COPY public.django_content_type (id, app_label, model) FROM stdin;
1	admin	logentry
2	auth	permission
3	auth	group
4	contenttypes	contenttype
5	sessions	session
8	cinema	gallery
9	cinema	price
10	cinema	seo
11	cinema	user
12	cinema	hall
13	cinema	cinema
14	cinema	image
15	cinema	film
16	cinema	about
17	cinema	session
18	cinema	ticket
6	cinema	banner
7	cinema	bannerfon
19	cinema	newsletter
\.


--
-- Data for Name: django_migrations; Type: TABLE DATA; Schema: public; Owner: postgres
--

COPY public.django_migrations (id, app, name, applied) FROM stdin;
1	contenttypes	0001_initial	2025-04-22 00:57:54.223114+03
2	contenttypes	0002_remove_content_type_name	2025-04-22 00:57:54.239296+03
3	auth	0001_initial	2025-04-22 00:57:54.283338+03
4	auth	0002_alter_permission_name_max_length	2025-04-22 00:57:54.290111+03
5	auth	0003_alter_user_email_max_length	2025-04-22 00:57:54.296469+03
6	auth	0004_alter_user_username_opts	2025-04-22 00:57:54.302355+03
7	auth	0005_alter_user_last_login_null	2025-04-22 00:57:54.309069+03
8	auth	0006_require_contenttypes_0002	2025-04-22 00:57:54.312426+03
9	auth	0007_alter_validators_add_error_messages	2025-04-22 00:57:54.319319+03
10	auth	0008_alter_user_username_max_length	2025-04-22 00:57:54.325035+03
11	auth	0009_alter_user_last_name_max_length	2025-04-22 00:57:54.332316+03
12	auth	0010_alter_group_name_max_length	2025-04-22 00:57:54.340795+03
13	auth	0011_update_proxy_permissions	2025-04-22 00:57:54.346824+03
14	auth	0012_alter_user_first_name_max_length	2025-04-22 00:57:54.353077+03
15	cinema	0001_initial	2025-04-22 00:57:54.453985+03
16	admin	0001_initial	2025-04-22 00:57:54.474009+03
17	admin	0002_logentry_remove_auto_add	2025-04-22 00:57:54.483908+03
18	admin	0003_logentry_add_action_flag_choices	2025-04-22 00:57:54.492726+03
19	sessions	0001_initial	2025-04-22 00:57:54.506023+03
20	cinema	0002_rename_baner_banner_and_more	2025-05-08 12:49:33.094244+03
21	cinema	0003_alter_banner_image_main	2025-05-08 13:57:27.601634+03
22	cinema	0004_alter_banner_speed	2025-05-10 14:35:10.035093+03
23	cinema	0005_alter_user_registration_date	2025-05-10 20:10:52.505697+03
24	cinema	0006_alter_user_card_user	2025-05-14 18:28:50.006925+03
25	cinema	0007_rename_banerfon_bannerfon	2025-05-17 23:46:03.228421+03
26	cinema	0008_alter_banner_name_page	2025-05-18 23:33:15.171587+03
27	cinema	0009_alter_banner_image_main_alter_banner_speed_and_more	2025-05-19 17:19:04.290252+03
28	cinema	0010_alter_bannerfon_image_back	2025-05-19 17:19:04.29796+03
29	cinema	0011_alter_film_type_film	2025-05-23 12:13:30.702985+03
30	cinema	0012_film_language	2025-05-23 18:59:21.387346+03
31	cinema	0013_about_date_publication_about_publication_and_more	2025-05-31 11:06:50.557079+03
32	cinema	0014_about_description_ru_about_description_uk_and_more	2025-06-02 12:43:20.371451+03
33	cinema	0015_about_name	2025-06-02 14:54:17.026496+03
34	cinema	0016_alter_about_date_publication	2025-06-04 16:10:28.364935+03
35	cinema	0017_alter_about_date_create	2025-06-04 16:38:03.70266+03
36	cinema	0018_rename_baner_hall_banner_hall_description_ru_and_more	2025-06-09 19:52:29.551223+03
37	cinema	0019_alter_hall_col_alter_hall_row	2025-06-09 21:44:09.073699+03
38	cinema	0020_cinema_conditions_cinema_conditions_ru_and_more	2025-06-10 13:57:35.378944+03
39	cinema	0021_cinema_banner	2025-06-10 15:39:50.313397+03
40	cinema	0022_remove_cinema_hall_hall_cinema	2025-06-10 17:06:09.887551+03
41	cinema	0023_cinema_gall_cinema_seo	2025-06-10 21:09:29.539835+03
42	cinema	0024_hall_date_create	2025-06-11 11:13:51.808616+03
43	cinema	0025_newsletter	2025-06-18 11:56:38.799996+03
44	cinema	0026_remove_session_gall_remove_session_seo_session_hall_and_more	2025-07-06 18:57:27.176609+03
45	cinema	0027_session_type_film	2025-07-08 16:13:33.287557+03
46	cinema	0028_remove_ticket_booking_ticket_status	2025-07-15 22:14:41.377093+03
47	cinema	0029_alter_ticket_user	2025-07-15 22:52:12.704038+03
48	cinema	0030_alter_cinema_adress	2025-07-17 19:05:07.525961+03
49	cinema	0031_alter_cinema_adress_alter_cinema_coord	2025-07-17 19:11:03.02844+03
50	cinema	0032_alter_cinema_coord	2025-07-17 19:12:20.835998+03
\.


--
-- Data for Name: django_session; Type: TABLE DATA; Schema: public; Owner: postgres
--

COPY public.django_session (session_key, session_data, expire_date) FROM stdin;
pv21bcxm1990n3e8ynwyg8c0nyubj0w9	.eJxVjDsOwjAQRO_iGln2xr9Q0ucMkb27xgFkS_lUiLuTSCmgG817M28xxm0t47bwPE4krgLE5bdLEZ9cD0CPWO9NYqvrPCV5KPKkixwa8et2un8HJS5lXwfMmpUnB9EieGeRA3S91eARiCgDqj0bdsbqYE0GzTYok7rkHGMvPl_UiTdF:1udapE:1-i6M05nO7kVpXccNaEW4urMz0FicbbWkR4oDFp0puY	2025-08-03 23:40:00.70644+03
vboc88pgd431ek1vrk55z7kc0rwul1k6	.eJxVjDsOwyAQBe9CHSE-wvamTJ8zoIVdgpMIJGNXVu4eLLlI2nkzbxcetzX7rfHiZxJXoUFcfmHA-OJyLPTE8qgy1rIuc5CHIs-1yXslft9O9-8gY8u9dmxIo04D2kk7N6EJzENKJlEaHYaOAHGINBIbZRisCQQaFGAvlRWfLypLOMg:1ufdMj:rphO20RWYGDBuLDfYWCg8iX_B8LTT9mvjpwSmAP04XA	2025-08-09 14:47:01.433198+03
\.


--
-- Name: auth_group_id_seq; Type: SEQUENCE SET; Schema: public; Owner: postgres
--

SELECT pg_catalog.setval('public.auth_group_id_seq', 1, false);


--
-- Name: auth_group_permissions_id_seq; Type: SEQUENCE SET; Schema: public; Owner: postgres
--

SELECT pg_catalog.setval('public.auth_group_permissions_id_seq', 1, false);


--
-- Name: auth_permission_id_seq; Type: SEQUENCE SET; Schema: public; Owner: postgres
--

SELECT pg_catalog.setval('public.auth_permission_id_seq', 84, true);


--
-- Name: cinema_about_id_seq; Type: SEQUENCE SET; Schema: public; Owner: postgres
--

SELECT pg_catalog.setval('public.cinema_about_id_seq', 28, true);


--
-- Name: cinema_baner_id_seq; Type: SEQUENCE SET; Schema: public; Owner: postgres
--

SELECT pg_catalog.setval('public.cinema_baner_id_seq', 107, true);


--
-- Name: cinema_banerfon_id_seq; Type: SEQUENCE SET; Schema: public; Owner: postgres
--

SELECT pg_catalog.setval('public.cinema_banerfon_id_seq', 2, true);


--
-- Name: cinema_cinema_id_seq; Type: SEQUENCE SET; Schema: public; Owner: postgres
--

SELECT pg_catalog.setval('public.cinema_cinema_id_seq', 6, true);


--
-- Name: cinema_film_id_seq; Type: SEQUENCE SET; Schema: public; Owner: postgres
--

SELECT pg_catalog.setval('public.cinema_film_id_seq', 13, true);


--
-- Name: cinema_gallery_id_seq; Type: SEQUENCE SET; Schema: public; Owner: postgres
--

SELECT pg_catalog.setval('public.cinema_gallery_id_seq', 63, true);


--
-- Name: cinema_hall_id_seq; Type: SEQUENCE SET; Schema: public; Owner: postgres
--

SELECT pg_catalog.setval('public.cinema_hall_id_seq', 12, true);


--
-- Name: cinema_image_id_seq; Type: SEQUENCE SET; Schema: public; Owner: postgres
--

SELECT pg_catalog.setval('public.cinema_image_id_seq', 132, true);


--
-- Name: cinema_newsletter_id_seq; Type: SEQUENCE SET; Schema: public; Owner: postgres
--

SELECT pg_catalog.setval('public.cinema_newsletter_id_seq', 94, true);


--
-- Name: cinema_price_id_seq; Type: SEQUENCE SET; Schema: public; Owner: postgres
--

SELECT pg_catalog.setval('public.cinema_price_id_seq', 1, false);


--
-- Name: cinema_seo_id_seq; Type: SEQUENCE SET; Schema: public; Owner: postgres
--

SELECT pg_catalog.setval('public.cinema_seo_id_seq', 59, true);


--
-- Name: cinema_session_id_seq; Type: SEQUENCE SET; Schema: public; Owner: postgres
--

SELECT pg_catalog.setval('public.cinema_session_id_seq', 46, true);


--
-- Name: cinema_ticket_id_seq; Type: SEQUENCE SET; Schema: public; Owner: postgres
--

SELECT pg_catalog.setval('public.cinema_ticket_id_seq', 7284, true);


--
-- Name: cinema_user_groups_id_seq; Type: SEQUENCE SET; Schema: public; Owner: postgres
--

SELECT pg_catalog.setval('public.cinema_user_groups_id_seq', 1, false);


--
-- Name: cinema_user_id_seq; Type: SEQUENCE SET; Schema: public; Owner: postgres
--

SELECT pg_catalog.setval('public.cinema_user_id_seq', 19, true);


--
-- Name: cinema_user_user_permissions_id_seq; Type: SEQUENCE SET; Schema: public; Owner: postgres
--

SELECT pg_catalog.setval('public.cinema_user_user_permissions_id_seq', 1, false);


--
-- Name: django_admin_log_id_seq; Type: SEQUENCE SET; Schema: public; Owner: postgres
--

SELECT pg_catalog.setval('public.django_admin_log_id_seq', 1, false);


--
-- Name: django_content_type_id_seq; Type: SEQUENCE SET; Schema: public; Owner: postgres
--

SELECT pg_catalog.setval('public.django_content_type_id_seq', 19, true);


--
-- Name: django_migrations_id_seq; Type: SEQUENCE SET; Schema: public; Owner: postgres
--

SELECT pg_catalog.setval('public.django_migrations_id_seq', 50, true);


--
-- Name: auth_group auth_group_name_key; Type: CONSTRAINT; Schema: public; Owner: postgres
--

ALTER TABLE ONLY public.auth_group
    ADD CONSTRAINT auth_group_name_key UNIQUE (name);


--
-- Name: auth_group_permissions auth_group_permissions_group_id_permission_id_0cd325b0_uniq; Type: CONSTRAINT; Schema: public; Owner: postgres
--

ALTER TABLE ONLY public.auth_group_permissions
    ADD CONSTRAINT auth_group_permissions_group_id_permission_id_0cd325b0_uniq UNIQUE (group_id, permission_id);


--
-- Name: auth_group_permissions auth_group_permissions_pkey; Type: CONSTRAINT; Schema: public; Owner: postgres
--

ALTER TABLE ONLY public.auth_group_permissions
    ADD CONSTRAINT auth_group_permissions_pkey PRIMARY KEY (id);


--
-- Name: auth_group auth_group_pkey; Type: CONSTRAINT; Schema: public; Owner: postgres
--

ALTER TABLE ONLY public.auth_group
    ADD CONSTRAINT auth_group_pkey PRIMARY KEY (id);


--
-- Name: auth_permission auth_permission_content_type_id_codename_01ab375a_uniq; Type: CONSTRAINT; Schema: public; Owner: postgres
--

ALTER TABLE ONLY public.auth_permission
    ADD CONSTRAINT auth_permission_content_type_id_codename_01ab375a_uniq UNIQUE (content_type_id, codename);


--
-- Name: auth_permission auth_permission_pkey; Type: CONSTRAINT; Schema: public; Owner: postgres
--

ALTER TABLE ONLY public.auth_permission
    ADD CONSTRAINT auth_permission_pkey PRIMARY KEY (id);


--
-- Name: cinema_about cinema_about_pkey; Type: CONSTRAINT; Schema: public; Owner: postgres
--

ALTER TABLE ONLY public.cinema_about
    ADD CONSTRAINT cinema_about_pkey PRIMARY KEY (id);


--
-- Name: cinema_banner cinema_baner_pkey; Type: CONSTRAINT; Schema: public; Owner: postgres
--

ALTER TABLE ONLY public.cinema_banner
    ADD CONSTRAINT cinema_baner_pkey PRIMARY KEY (id);


--
-- Name: cinema_bannerfon cinema_banerfon_pkey; Type: CONSTRAINT; Schema: public; Owner: postgres
--

ALTER TABLE ONLY public.cinema_bannerfon
    ADD CONSTRAINT cinema_banerfon_pkey PRIMARY KEY (id);


--
-- Name: cinema_cinema cinema_cinema_pkey; Type: CONSTRAINT; Schema: public; Owner: postgres
--

ALTER TABLE ONLY public.cinema_cinema
    ADD CONSTRAINT cinema_cinema_pkey PRIMARY KEY (id);


--
-- Name: cinema_film cinema_film_pkey; Type: CONSTRAINT; Schema: public; Owner: postgres
--

ALTER TABLE ONLY public.cinema_film
    ADD CONSTRAINT cinema_film_pkey PRIMARY KEY (id);


--
-- Name: cinema_gallery cinema_gallery_pkey; Type: CONSTRAINT; Schema: public; Owner: postgres
--

ALTER TABLE ONLY public.cinema_gallery
    ADD CONSTRAINT cinema_gallery_pkey PRIMARY KEY (id);


--
-- Name: cinema_hall cinema_hall_pkey; Type: CONSTRAINT; Schema: public; Owner: postgres
--

ALTER TABLE ONLY public.cinema_hall
    ADD CONSTRAINT cinema_hall_pkey PRIMARY KEY (id);


--
-- Name: cinema_image cinema_image_pkey; Type: CONSTRAINT; Schema: public; Owner: postgres
--

ALTER TABLE ONLY public.cinema_image
    ADD CONSTRAINT cinema_image_pkey PRIMARY KEY (id);


--
-- Name: cinema_newsletter cinema_newsletter_pkey; Type: CONSTRAINT; Schema: public; Owner: postgres
--

ALTER TABLE ONLY public.cinema_newsletter
    ADD CONSTRAINT cinema_newsletter_pkey PRIMARY KEY (id);


--
-- Name: cinema_price cinema_price_pkey; Type: CONSTRAINT; Schema: public; Owner: postgres
--

ALTER TABLE ONLY public.cinema_price
    ADD CONSTRAINT cinema_price_pkey PRIMARY KEY (id);


--
-- Name: cinema_seo cinema_seo_pkey; Type: CONSTRAINT; Schema: public; Owner: postgres
--

ALTER TABLE ONLY public.cinema_seo
    ADD CONSTRAINT cinema_seo_pkey PRIMARY KEY (id);


--
-- Name: cinema_session cinema_session_pkey; Type: CONSTRAINT; Schema: public; Owner: postgres
--

ALTER TABLE ONLY public.cinema_session
    ADD CONSTRAINT cinema_session_pkey PRIMARY KEY (id);


--
-- Name: cinema_ticket cinema_ticket_pkey; Type: CONSTRAINT; Schema: public; Owner: postgres
--

ALTER TABLE ONLY public.cinema_ticket
    ADD CONSTRAINT cinema_ticket_pkey PRIMARY KEY (id);


--
-- Name: cinema_user_groups cinema_user_groups_pkey; Type: CONSTRAINT; Schema: public; Owner: postgres
--

ALTER TABLE ONLY public.cinema_user_groups
    ADD CONSTRAINT cinema_user_groups_pkey PRIMARY KEY (id);


--
-- Name: cinema_user_groups cinema_user_groups_user_id_group_id_2667f1df_uniq; Type: CONSTRAINT; Schema: public; Owner: postgres
--

ALTER TABLE ONLY public.cinema_user_groups
    ADD CONSTRAINT cinema_user_groups_user_id_group_id_2667f1df_uniq UNIQUE (user_id, group_id);


--
-- Name: cinema_user cinema_user_pkey; Type: CONSTRAINT; Schema: public; Owner: postgres
--

ALTER TABLE ONLY public.cinema_user
    ADD CONSTRAINT cinema_user_pkey PRIMARY KEY (id);


--
-- Name: cinema_user_user_permissions cinema_user_user_permiss_user_id_permission_id_dc18b46f_uniq; Type: CONSTRAINT; Schema: public; Owner: postgres
--

ALTER TABLE ONLY public.cinema_user_user_permissions
    ADD CONSTRAINT cinema_user_user_permiss_user_id_permission_id_dc18b46f_uniq UNIQUE (user_id, permission_id);


--
-- Name: cinema_user_user_permissions cinema_user_user_permissions_pkey; Type: CONSTRAINT; Schema: public; Owner: postgres
--

ALTER TABLE ONLY public.cinema_user_user_permissions
    ADD CONSTRAINT cinema_user_user_permissions_pkey PRIMARY KEY (id);


--
-- Name: cinema_user cinema_user_username_key; Type: CONSTRAINT; Schema: public; Owner: postgres
--

ALTER TABLE ONLY public.cinema_user
    ADD CONSTRAINT cinema_user_username_key UNIQUE (username);


--
-- Name: django_admin_log django_admin_log_pkey; Type: CONSTRAINT; Schema: public; Owner: postgres
--

ALTER TABLE ONLY public.django_admin_log
    ADD CONSTRAINT django_admin_log_pkey PRIMARY KEY (id);


--
-- Name: django_content_type django_content_type_app_label_model_76bd3d3b_uniq; Type: CONSTRAINT; Schema: public; Owner: postgres
--

ALTER TABLE ONLY public.django_content_type
    ADD CONSTRAINT django_content_type_app_label_model_76bd3d3b_uniq UNIQUE (app_label, model);


--
-- Name: django_content_type django_content_type_pkey; Type: CONSTRAINT; Schema: public; Owner: postgres
--

ALTER TABLE ONLY public.django_content_type
    ADD CONSTRAINT django_content_type_pkey PRIMARY KEY (id);


--
-- Name: django_migrations django_migrations_pkey; Type: CONSTRAINT; Schema: public; Owner: postgres
--

ALTER TABLE ONLY public.django_migrations
    ADD CONSTRAINT django_migrations_pkey PRIMARY KEY (id);


--
-- Name: django_session django_session_pkey; Type: CONSTRAINT; Schema: public; Owner: postgres
--

ALTER TABLE ONLY public.django_session
    ADD CONSTRAINT django_session_pkey PRIMARY KEY (session_key);


--
-- Name: auth_group_name_a6ea08ec_like; Type: INDEX; Schema: public; Owner: postgres
--

CREATE INDEX auth_group_name_a6ea08ec_like ON public.auth_group USING btree (name varchar_pattern_ops);


--
-- Name: auth_group_permissions_group_id_b120cbf9; Type: INDEX; Schema: public; Owner: postgres
--

CREATE INDEX auth_group_permissions_group_id_b120cbf9 ON public.auth_group_permissions USING btree (group_id);


--
-- Name: auth_group_permissions_permission_id_84c5c92e; Type: INDEX; Schema: public; Owner: postgres
--

CREATE INDEX auth_group_permissions_permission_id_84c5c92e ON public.auth_group_permissions USING btree (permission_id);


--
-- Name: auth_permission_content_type_id_2f476e4b; Type: INDEX; Schema: public; Owner: postgres
--

CREATE INDEX auth_permission_content_type_id_2f476e4b ON public.auth_permission USING btree (content_type_id);


--
-- Name: cinema_about_cinema_id_595e68d4; Type: INDEX; Schema: public; Owner: postgres
--

CREATE INDEX cinema_about_cinema_id_595e68d4 ON public.cinema_about USING btree (cinema_id);


--
-- Name: cinema_about_gall_id_842f043e; Type: INDEX; Schema: public; Owner: postgres
--

CREATE INDEX cinema_about_gall_id_842f043e ON public.cinema_about USING btree (gall_id);


--
-- Name: cinema_about_seo_id_94fdca12; Type: INDEX; Schema: public; Owner: postgres
--

CREATE INDEX cinema_about_seo_id_94fdca12 ON public.cinema_about USING btree (seo_id);


--
-- Name: cinema_cinema_gall_id_2a39d05f; Type: INDEX; Schema: public; Owner: postgres
--

CREATE INDEX cinema_cinema_gall_id_2a39d05f ON public.cinema_cinema USING btree (gall_id);


--
-- Name: cinema_cinema_phone_num1_a3814e47; Type: INDEX; Schema: public; Owner: postgres
--

CREATE INDEX cinema_cinema_phone_num1_a3814e47 ON public.cinema_cinema USING btree (phone_num1);


--
-- Name: cinema_cinema_phone_num1_a3814e47_like; Type: INDEX; Schema: public; Owner: postgres
--

CREATE INDEX cinema_cinema_phone_num1_a3814e47_like ON public.cinema_cinema USING btree (phone_num1 varchar_pattern_ops);


--
-- Name: cinema_cinema_phone_num2_2a9e3c56; Type: INDEX; Schema: public; Owner: postgres
--

CREATE INDEX cinema_cinema_phone_num2_2a9e3c56 ON public.cinema_cinema USING btree (phone_num2);


--
-- Name: cinema_cinema_phone_num2_2a9e3c56_like; Type: INDEX; Schema: public; Owner: postgres
--

CREATE INDEX cinema_cinema_phone_num2_2a9e3c56_like ON public.cinema_cinema USING btree (phone_num2 varchar_pattern_ops);


--
-- Name: cinema_cinema_seo_id_f76e7a0b; Type: INDEX; Schema: public; Owner: postgres
--

CREATE INDEX cinema_cinema_seo_id_f76e7a0b ON public.cinema_cinema USING btree (seo_id);


--
-- Name: cinema_film_gall_id_93a5e73c; Type: INDEX; Schema: public; Owner: postgres
--

CREATE INDEX cinema_film_gall_id_93a5e73c ON public.cinema_film USING btree (gall_id);


--
-- Name: cinema_film_seo_id_0939d37e; Type: INDEX; Schema: public; Owner: postgres
--

CREATE INDEX cinema_film_seo_id_0939d37e ON public.cinema_film USING btree (seo_id);


--
-- Name: cinema_hall_cinema_id_95da92d0; Type: INDEX; Schema: public; Owner: postgres
--

CREATE INDEX cinema_hall_cinema_id_95da92d0 ON public.cinema_hall USING btree (cinema_id);


--
-- Name: cinema_hall_gall_id_7166012f; Type: INDEX; Schema: public; Owner: postgres
--

CREATE INDEX cinema_hall_gall_id_7166012f ON public.cinema_hall USING btree (gall_id);


--
-- Name: cinema_hall_seo_id_fa199c72; Type: INDEX; Schema: public; Owner: postgres
--

CREATE INDEX cinema_hall_seo_id_fa199c72 ON public.cinema_hall USING btree (seo_id);


--
-- Name: cinema_image_gall_id_c72b6a4a; Type: INDEX; Schema: public; Owner: postgres
--

CREATE INDEX cinema_image_gall_id_c72b6a4a ON public.cinema_image USING btree (gall_id);


--
-- Name: cinema_session_film_id_2d0a8e98; Type: INDEX; Schema: public; Owner: postgres
--

CREATE INDEX cinema_session_film_id_2d0a8e98 ON public.cinema_session USING btree (film_id);


--
-- Name: cinema_session_hall_id_128d51db; Type: INDEX; Schema: public; Owner: postgres
--

CREATE INDEX cinema_session_hall_id_128d51db ON public.cinema_session USING btree (hall_id);


--
-- Name: cinema_session_price_id_cb172ad6; Type: INDEX; Schema: public; Owner: postgres
--

CREATE INDEX cinema_session_price_id_cb172ad6 ON public.cinema_session USING btree (price_id);


--
-- Name: cinema_ticket_session_id_f713f39b; Type: INDEX; Schema: public; Owner: postgres
--

CREATE INDEX cinema_ticket_session_id_f713f39b ON public.cinema_ticket USING btree (session_id);


--
-- Name: cinema_ticket_user_id_9d20caab; Type: INDEX; Schema: public; Owner: postgres
--

CREATE INDEX cinema_ticket_user_id_9d20caab ON public.cinema_ticket USING btree (user_id);


--
-- Name: cinema_user_groups_group_id_351f0374; Type: INDEX; Schema: public; Owner: postgres
--

CREATE INDEX cinema_user_groups_group_id_351f0374 ON public.cinema_user_groups USING btree (group_id);


--
-- Name: cinema_user_groups_user_id_813a705a; Type: INDEX; Schema: public; Owner: postgres
--

CREATE INDEX cinema_user_groups_user_id_813a705a ON public.cinema_user_groups USING btree (user_id);


--
-- Name: cinema_user_phone_user_edd8f888; Type: INDEX; Schema: public; Owner: postgres
--

CREATE INDEX cinema_user_phone_user_edd8f888 ON public.cinema_user USING btree (phone_user);


--
-- Name: cinema_user_phone_user_edd8f888_like; Type: INDEX; Schema: public; Owner: postgres
--

CREATE INDEX cinema_user_phone_user_edd8f888_like ON public.cinema_user USING btree (phone_user varchar_pattern_ops);


--
-- Name: cinema_user_user_permissions_permission_id_44d2e5cf; Type: INDEX; Schema: public; Owner: postgres
--

CREATE INDEX cinema_user_user_permissions_permission_id_44d2e5cf ON public.cinema_user_user_permissions USING btree (permission_id);


--
-- Name: cinema_user_user_permissions_user_id_9d45bbfe; Type: INDEX; Schema: public; Owner: postgres
--

CREATE INDEX cinema_user_user_permissions_user_id_9d45bbfe ON public.cinema_user_user_permissions USING btree (user_id);


--
-- Name: cinema_user_username_b2d5df89_like; Type: INDEX; Schema: public; Owner: postgres
--

CREATE INDEX cinema_user_username_b2d5df89_like ON public.cinema_user USING btree (username varchar_pattern_ops);


--
-- Name: django_admin_log_content_type_id_c4bce8eb; Type: INDEX; Schema: public; Owner: postgres
--

CREATE INDEX django_admin_log_content_type_id_c4bce8eb ON public.django_admin_log USING btree (content_type_id);


--
-- Name: django_admin_log_user_id_c564eba6; Type: INDEX; Schema: public; Owner: postgres
--

CREATE INDEX django_admin_log_user_id_c564eba6 ON public.django_admin_log USING btree (user_id);


--
-- Name: django_session_expire_date_a5c62663; Type: INDEX; Schema: public; Owner: postgres
--

CREATE INDEX django_session_expire_date_a5c62663 ON public.django_session USING btree (expire_date);


--
-- Name: django_session_session_key_c0390e0f_like; Type: INDEX; Schema: public; Owner: postgres
--

CREATE INDEX django_session_session_key_c0390e0f_like ON public.django_session USING btree (session_key varchar_pattern_ops);


--
-- Name: auth_group_permissions auth_group_permissio_permission_id_84c5c92e_fk_auth_perm; Type: FK CONSTRAINT; Schema: public; Owner: postgres
--

ALTER TABLE ONLY public.auth_group_permissions
    ADD CONSTRAINT auth_group_permissio_permission_id_84c5c92e_fk_auth_perm FOREIGN KEY (permission_id) REFERENCES public.auth_permission(id) DEFERRABLE INITIALLY DEFERRED;


--
-- Name: auth_group_permissions auth_group_permissions_group_id_b120cbf9_fk_auth_group_id; Type: FK CONSTRAINT; Schema: public; Owner: postgres
--

ALTER TABLE ONLY public.auth_group_permissions
    ADD CONSTRAINT auth_group_permissions_group_id_b120cbf9_fk_auth_group_id FOREIGN KEY (group_id) REFERENCES public.auth_group(id) DEFERRABLE INITIALLY DEFERRED;


--
-- Name: auth_permission auth_permission_content_type_id_2f476e4b_fk_django_co; Type: FK CONSTRAINT; Schema: public; Owner: postgres
--

ALTER TABLE ONLY public.auth_permission
    ADD CONSTRAINT auth_permission_content_type_id_2f476e4b_fk_django_co FOREIGN KEY (content_type_id) REFERENCES public.django_content_type(id) DEFERRABLE INITIALLY DEFERRED;


--
-- Name: cinema_about cinema_about_cinema_id_595e68d4_fk_cinema_cinema_id; Type: FK CONSTRAINT; Schema: public; Owner: postgres
--

ALTER TABLE ONLY public.cinema_about
    ADD CONSTRAINT cinema_about_cinema_id_595e68d4_fk_cinema_cinema_id FOREIGN KEY (cinema_id) REFERENCES public.cinema_cinema(id) DEFERRABLE INITIALLY DEFERRED;


--
-- Name: cinema_about cinema_about_gall_id_842f043e_fk_cinema_gallery_id; Type: FK CONSTRAINT; Schema: public; Owner: postgres
--

ALTER TABLE ONLY public.cinema_about
    ADD CONSTRAINT cinema_about_gall_id_842f043e_fk_cinema_gallery_id FOREIGN KEY (gall_id) REFERENCES public.cinema_gallery(id) DEFERRABLE INITIALLY DEFERRED;


--
-- Name: cinema_about cinema_about_seo_id_94fdca12_fk_cinema_seo_id; Type: FK CONSTRAINT; Schema: public; Owner: postgres
--

ALTER TABLE ONLY public.cinema_about
    ADD CONSTRAINT cinema_about_seo_id_94fdca12_fk_cinema_seo_id FOREIGN KEY (seo_id) REFERENCES public.cinema_seo(id) DEFERRABLE INITIALLY DEFERRED;


--
-- Name: cinema_cinema cinema_cinema_gall_id_2a39d05f_fk_cinema_gallery_id; Type: FK CONSTRAINT; Schema: public; Owner: postgres
--

ALTER TABLE ONLY public.cinema_cinema
    ADD CONSTRAINT cinema_cinema_gall_id_2a39d05f_fk_cinema_gallery_id FOREIGN KEY (gall_id) REFERENCES public.cinema_gallery(id) DEFERRABLE INITIALLY DEFERRED;


--
-- Name: cinema_cinema cinema_cinema_seo_id_f76e7a0b_fk_cinema_seo_id; Type: FK CONSTRAINT; Schema: public; Owner: postgres
--

ALTER TABLE ONLY public.cinema_cinema
    ADD CONSTRAINT cinema_cinema_seo_id_f76e7a0b_fk_cinema_seo_id FOREIGN KEY (seo_id) REFERENCES public.cinema_seo(id) DEFERRABLE INITIALLY DEFERRED;


--
-- Name: cinema_film cinema_film_gall_id_93a5e73c_fk_cinema_gallery_id; Type: FK CONSTRAINT; Schema: public; Owner: postgres
--

ALTER TABLE ONLY public.cinema_film
    ADD CONSTRAINT cinema_film_gall_id_93a5e73c_fk_cinema_gallery_id FOREIGN KEY (gall_id) REFERENCES public.cinema_gallery(id) DEFERRABLE INITIALLY DEFERRED;


--
-- Name: cinema_film cinema_film_seo_id_0939d37e_fk_cinema_seo_id; Type: FK CONSTRAINT; Schema: public; Owner: postgres
--

ALTER TABLE ONLY public.cinema_film
    ADD CONSTRAINT cinema_film_seo_id_0939d37e_fk_cinema_seo_id FOREIGN KEY (seo_id) REFERENCES public.cinema_seo(id) DEFERRABLE INITIALLY DEFERRED;


--
-- Name: cinema_hall cinema_hall_cinema_id_95da92d0_fk_cinema_cinema_id; Type: FK CONSTRAINT; Schema: public; Owner: postgres
--

ALTER TABLE ONLY public.cinema_hall
    ADD CONSTRAINT cinema_hall_cinema_id_95da92d0_fk_cinema_cinema_id FOREIGN KEY (cinema_id) REFERENCES public.cinema_cinema(id) DEFERRABLE INITIALLY DEFERRED;


--
-- Name: cinema_hall cinema_hall_gall_id_7166012f_fk_cinema_gallery_id; Type: FK CONSTRAINT; Schema: public; Owner: postgres
--

ALTER TABLE ONLY public.cinema_hall
    ADD CONSTRAINT cinema_hall_gall_id_7166012f_fk_cinema_gallery_id FOREIGN KEY (gall_id) REFERENCES public.cinema_gallery(id) DEFERRABLE INITIALLY DEFERRED;


--
-- Name: cinema_hall cinema_hall_seo_id_fa199c72_fk_cinema_seo_id; Type: FK CONSTRAINT; Schema: public; Owner: postgres
--

ALTER TABLE ONLY public.cinema_hall
    ADD CONSTRAINT cinema_hall_seo_id_fa199c72_fk_cinema_seo_id FOREIGN KEY (seo_id) REFERENCES public.cinema_seo(id) DEFERRABLE INITIALLY DEFERRED;


--
-- Name: cinema_image cinema_image_gall_id_c72b6a4a_fk_cinema_gallery_id; Type: FK CONSTRAINT; Schema: public; Owner: postgres
--

ALTER TABLE ONLY public.cinema_image
    ADD CONSTRAINT cinema_image_gall_id_c72b6a4a_fk_cinema_gallery_id FOREIGN KEY (gall_id) REFERENCES public.cinema_gallery(id) DEFERRABLE INITIALLY DEFERRED;


--
-- Name: cinema_session cinema_session_film_id_2d0a8e98_fk_cinema_film_id; Type: FK CONSTRAINT; Schema: public; Owner: postgres
--

ALTER TABLE ONLY public.cinema_session
    ADD CONSTRAINT cinema_session_film_id_2d0a8e98_fk_cinema_film_id FOREIGN KEY (film_id) REFERENCES public.cinema_film(id) DEFERRABLE INITIALLY DEFERRED;


--
-- Name: cinema_session cinema_session_hall_id_128d51db_fk_cinema_hall_id; Type: FK CONSTRAINT; Schema: public; Owner: postgres
--

ALTER TABLE ONLY public.cinema_session
    ADD CONSTRAINT cinema_session_hall_id_128d51db_fk_cinema_hall_id FOREIGN KEY (hall_id) REFERENCES public.cinema_hall(id) DEFERRABLE INITIALLY DEFERRED;


--
-- Name: cinema_session cinema_session_price_id_cb172ad6_fk_cinema_price_id; Type: FK CONSTRAINT; Schema: public; Owner: postgres
--

ALTER TABLE ONLY public.cinema_session
    ADD CONSTRAINT cinema_session_price_id_cb172ad6_fk_cinema_price_id FOREIGN KEY (price_id) REFERENCES public.cinema_price(id) DEFERRABLE INITIALLY DEFERRED;


--
-- Name: cinema_ticket cinema_ticket_session_id_f713f39b_fk_cinema_session_id; Type: FK CONSTRAINT; Schema: public; Owner: postgres
--

ALTER TABLE ONLY public.cinema_ticket
    ADD CONSTRAINT cinema_ticket_session_id_f713f39b_fk_cinema_session_id FOREIGN KEY (session_id) REFERENCES public.cinema_session(id) DEFERRABLE INITIALLY DEFERRED;


--
-- Name: cinema_ticket cinema_ticket_user_id_9d20caab_fk_cinema_user_id; Type: FK CONSTRAINT; Schema: public; Owner: postgres
--

ALTER TABLE ONLY public.cinema_ticket
    ADD CONSTRAINT cinema_ticket_user_id_9d20caab_fk_cinema_user_id FOREIGN KEY (user_id) REFERENCES public.cinema_user(id) DEFERRABLE INITIALLY DEFERRED;


--
-- Name: cinema_user_groups cinema_user_groups_group_id_351f0374_fk_auth_group_id; Type: FK CONSTRAINT; Schema: public; Owner: postgres
--

ALTER TABLE ONLY public.cinema_user_groups
    ADD CONSTRAINT cinema_user_groups_group_id_351f0374_fk_auth_group_id FOREIGN KEY (group_id) REFERENCES public.auth_group(id) DEFERRABLE INITIALLY DEFERRED;


--
-- Name: cinema_user_groups cinema_user_groups_user_id_813a705a_fk_cinema_user_id; Type: FK CONSTRAINT; Schema: public; Owner: postgres
--

ALTER TABLE ONLY public.cinema_user_groups
    ADD CONSTRAINT cinema_user_groups_user_id_813a705a_fk_cinema_user_id FOREIGN KEY (user_id) REFERENCES public.cinema_user(id) DEFERRABLE INITIALLY DEFERRED;


--
-- Name: cinema_user_user_permissions cinema_user_user_per_permission_id_44d2e5cf_fk_auth_perm; Type: FK CONSTRAINT; Schema: public; Owner: postgres
--

ALTER TABLE ONLY public.cinema_user_user_permissions
    ADD CONSTRAINT cinema_user_user_per_permission_id_44d2e5cf_fk_auth_perm FOREIGN KEY (permission_id) REFERENCES public.auth_permission(id) DEFERRABLE INITIALLY DEFERRED;


--
-- Name: cinema_user_user_permissions cinema_user_user_permissions_user_id_9d45bbfe_fk_cinema_user_id; Type: FK CONSTRAINT; Schema: public; Owner: postgres
--

ALTER TABLE ONLY public.cinema_user_user_permissions
    ADD CONSTRAINT cinema_user_user_permissions_user_id_9d45bbfe_fk_cinema_user_id FOREIGN KEY (user_id) REFERENCES public.cinema_user(id) DEFERRABLE INITIALLY DEFERRED;


--
-- Name: django_admin_log django_admin_log_content_type_id_c4bce8eb_fk_django_co; Type: FK CONSTRAINT; Schema: public; Owner: postgres
--

ALTER TABLE ONLY public.django_admin_log
    ADD CONSTRAINT django_admin_log_content_type_id_c4bce8eb_fk_django_co FOREIGN KEY (content_type_id) REFERENCES public.django_content_type(id) DEFERRABLE INITIALLY DEFERRED;


--
-- Name: django_admin_log django_admin_log_user_id_c564eba6_fk_cinema_user_id; Type: FK CONSTRAINT; Schema: public; Owner: postgres
--

ALTER TABLE ONLY public.django_admin_log
    ADD CONSTRAINT django_admin_log_user_id_c564eba6_fk_cinema_user_id FOREIGN KEY (user_id) REFERENCES public.cinema_user(id) DEFERRABLE INITIALLY DEFERRED;


--
-- PostgreSQL database dump complete
--

